Scan UUID,Business Name,Business URL,Scan Date,Status,Keyword,Pin Latitude,Pin Longitude,Rank,Found
95b84a65-34a0-4910-8014-2c232ddb82ec,"Imran Qureshi, DO",https://maps.google.com/?cid=11194524184802872596&g_mp=CiVnb29nbGUubWFwcy5wbGFjZXMudjEuUGxhY2VzLkdldFBsYWNlEAIYASAA,2026-03-04 19:50:57,completed,epidural steroid injection katy,29.742762999999997,-95.7749334,6,Yes
95b84a65-34a0-4910-8014-2c232ddb82ec,"Imran Qureshi, DO",https://maps.google.com/?cid=11194524184802872596&g_mp=CiVnb29nbGUubWFwcy5wbGFjZXMudjEuUGxhY2VzLkdldFBsYWNlEAIYASAA,2026-03-04 19:50:57,completed,epidural steroid injection katy,29.786637615708845,-95.77514489605376,11,Yes
95b84a65-34a0-4910-8014-2c232ddb82ec,"Imran Qureshi, DO",https://maps.google.com/?cid=11194524184802872596&g_mp=CiVnb29nbGUubWFwcy5wbGFjZXMudjEuUGxhY2VzLkdldFBsYWNlEAIYASAA,2026-03-04 19:50:57,completed,epidural steroid injection katy,29.77413892304286,-95.73961147611455,11,Yes
95b84a65-34a0-4910-8014-2c232ddb82ec,"Imran Qureshi, DO",https://maps.google.com/?cid=11194524184802872596&g_mp=CiVnb29nbGUubWFwcy5wbGFjZXMudjEuUGxhY2VzLkdldFBsYWNlEAIYASAA,2026-03-04 19:50:57,completed,epidural steroid injection katy,29.742737297328205,-95.72440139638215,10,Yes
95b84a65-34a0-4910-8014-2c232ddb82ec,"Imran Qureshi, DO",https://maps.google.com/?cid=11194524184802872596&g_mp=CiVnb29nbGUubWFwcy5wbGFjZXMudjEuUGxhY2VzLkdldFBsYWNlEAIYASAA,2026-03-04 19:50:57,completed,epidural steroid injection katy,29.711903356152348,-95.73901322229634,11,Yes
95b84a65-34a0-4910-8014-2c232ddb82ec,"Imran Qureshi, DO",https://maps.google.com/?cid=11194524184802872596&g_mp=CiVnb29nbGUubWFwcy5wbGFjZXMudjEuUGxhY2VzLkdldFBsYWNlEAIYASAA,2026-03-04 19:50:57,completed,epidural steroid injection katy,29.69889240960163,-95.77564981025215,11,Yes
95b84a65-34a0-4910-8014-2c232ddb82ec,"Imran Qureshi, DO",https://maps.google.com/?cid=11194524184802872596&g_mp=CiVnb29nbGUubWFwcy5wbGFjZXMudjEuUGxhY2VzLkdldFBsYWNlEAIYASAA,2026-03-04 19:50:57,completed,epidural steroid injection katy,29.71203469364051,-95.81100262181853,11,Yes
95b84a65-34a0-4910-8014-2c232ddb82ec,"Imran Qureshi, DO",https://maps.google.com/?cid=11194524184802872596&g_mp=CiVnb29nbGUubWFwcy5wbGFjZXMudjEuUGxhY2VzLkdldFBsYWNlEAIYASAA,2026-03-04 19:50:57,completed,epidural steroid injection katy,29.743175653360492,-95.82546317726194,11,Yes
95b84a65-34a0-4910-8014-2c232ddb82ec,"Imran Qureshi, DO",https://maps.google.com/?cid=11194524184802872596&g_mp=CiVnb29nbGUubWFwcy5wbGFjZXMudjEuUGxhY2VzLkdldFBsYWNlEAIYASAA,2026-03-04 19:50:57,completed,epidural steroid injection katy,29.77374347582937,-95.81071534234296,13,Yes
95b84a65-34a0-4910-8014-2c232ddb82ec,"Imran Qureshi, DO",https://maps.google.com/?cid=11194524184802872596&g_mp=CiVnb29nbGUubWFwcy5wbGFjZXMudjEuUGxhY2VzLkdldFBsYWNlEAIYASAA,2026-03-04 19:50:57,completed,epidural steroid injection katy,29.830506024575563,-95.77620767954637,11,Yes
95b84a65-34a0-4910-8014-2c232ddb82ec,"Imran Qureshi, DO",https://maps.google.com/?cid=11194524184802872596&g_mp=CiVnb29nbGUubWFwcy5wbGFjZXMudjEuUGxhY2VzLkdldFBsYWNlEAIYASAA,2026-03-04 19:50:57,completed,epidural steroid injection katy,29.82354273976582,-95.73545930017379,7,Yes
95b84a65-34a0-4910-8014-2c232ddb82ec,"Imran Qureshi, DO",https://maps.google.com/?cid=11194524184802872596&g_mp=CiVnb29nbGUubWFwcy5wbGFjZXMudjEuUGxhY2VzLkdldFBsYWNlEAIYASAA,2026-03-04 19:50:57,completed,epidural steroid injection katy,29.804840749719528,-95.70350390806647,10,Yes
95b84a65-34a0-4910-8014-2c232ddb82ec,"Imran Qureshi, DO",https://maps.google.com/?cid=11194524184802872596&g_mp=CiVnb29nbGUubWFwcy5wbGFjZXMudjEuUGxhY2VzLkdldFBsYWNlEAIYASAA,2026-03-04 19:50:57,completed,epidural steroid injection katy,29.77558156593615,-95.68120375334412,10,Yes
95b84a65-34a0-4910-8014-2c232ddb82ec,"Imran Qureshi, DO",https://maps.google.com/?cid=11194524184802872596&g_mp=CiVnb29nbGUubWFwcy5wbGFjZXMudjEuUGxhY2VzLkdldFBsYWNlEAIYASAA,2026-03-04 19:50:57,completed,epidural steroid injection katy,29.743473631765205,-95.67387268954629,99,No
95b84a65-34a0-4910-8014-2c232ddb82ec,"Imran Qureshi, DO",https://maps.google.com/?cid=11194524184802872596&g_mp=CiVnb29nbGUubWFwcy5wbGFjZXMudjEuUGxhY2VzLkdldFBsYWNlEAIYASAA,2026-03-04 19:50:57,completed,epidural steroid injection katy,29.709376354311434,-95.68147026199502,10,Yes
95b84a65-34a0-4910-8014-2c232ddb82ec,"Imran Qureshi, DO",https://maps.google.com/?cid=11194524184802872596&g_mp=CiVnb29nbGUubWFwcy5wbGFjZXMudjEuUGxhY2VzLkdldFBsYWNlEAIYASAA,2026-03-04 19:50:57,completed,epidural steroid injection katy,29.681214717412765,-95.70289870050019,11,Yes
95b84a65-34a0-4910-8014-2c232ddb82ec,"Imran Qureshi, DO",https://maps.google.com/?cid=11194524184802872596&g_mp=CiVnb29nbGUubWFwcy5wbGFjZXMudjEuUGxhY2VzLkdldFBsYWNlEAIYASAA,2026-03-04 19:50:57,completed,epidural steroid injection katy,29.661897636202355,-95.7356925384743,11,Yes
95b84a65-34a0-4910-8014-2c232ddb82ec,"Imran Qureshi, DO",https://maps.google.com/?cid=11194524184802872596&g_mp=CiVnb29nbGUubWFwcy5wbGFjZXMudjEuUGxhY2VzLkdldFBsYWNlEAIYASAA,2026-03-04 19:50:57,completed,epidural steroid injection katy,29.65501300109988,-95.77494940153306,14,Yes
95b84a65-34a0-4910-8014-2c232ddb82ec,"Imran Qureshi, DO",https://maps.google.com/?cid=11194524184802872596&g_mp=CiVnb29nbGUubWFwcy5wbGFjZXMudjEuUGxhY2VzLkdldFBsYWNlEAIYASAA,2026-03-04 19:50:57,completed,epidural steroid injection katy,29.662198477327006,-95.81498667848135,15,Yes
95b84a65-34a0-4910-8014-2c232ddb82ec,"Imran Qureshi, DO",https://maps.google.com/?cid=11194524184802872596&g_mp=CiVnb29nbGUubWFwcy5wbGFjZXMudjEuUGxhY2VzLkdldFBsYWNlEAIYASAA,2026-03-04 19:50:57,completed,epidural steroid injection katy,29.680915915100147,-95.84662781906809,11,Yes
95b84a65-34a0-4910-8014-2c232ddb82ec,"Imran Qureshi, DO",https://maps.google.com/?cid=11194524184802872596&g_mp=CiVnb29nbGUubWFwcy5wbGFjZXMudjEuUGxhY2VzLkdldFBsYWNlEAIYASAA,2026-03-04 19:50:57,completed,epidural steroid injection katy,29.70941038335707,-95.86841265270799,12,Yes
95b84a65-34a0-4910-8014-2c232ddb82ec,"Imran Qureshi, DO",https://maps.google.com/?cid=11194524184802872596&g_mp=CiVnb29nbGUubWFwcy5wbGFjZXMudjEuUGxhY2VzLkdldFBsYWNlEAIYASAA,2026-03-04 19:50:57,completed,epidural steroid injection katy,29.74236791320623,-95.87599640020086,12,Yes
95b84a65-34a0-4910-8014-2c232ddb82ec,"Imran Qureshi, DO",https://maps.google.com/?cid=11194524184802872596&g_mp=CiVnb29nbGUubWFwcy5wbGFjZXMudjEuUGxhY2VzLkdldFBsYWNlEAIYASAA,2026-03-04 19:50:57,completed,epidural steroid injection katy,29.775305761225972,-95.86879051996803,12,Yes
95b84a65-34a0-4910-8014-2c232ddb82ec,"Imran Qureshi, DO",https://maps.google.com/?cid=11194524184802872596&g_mp=CiVnb29nbGUubWFwcy5wbGFjZXMudjEuUGxhY2VzLkdldFBsYWNlEAIYASAA,2026-03-04 19:50:57,completed,epidural steroid injection katy,29.80556171130214,-95.84552198485967,10,Yes
95b84a65-34a0-4910-8014-2c232ddb82ec,"Imran Qureshi, DO",https://maps.google.com/?cid=11194524184802872596&g_mp=CiVnb29nbGUubWFwcy5wbGFjZXMudjEuUGxhY2VzLkdldFBsYWNlEAIYASAA,2026-03-04 19:50:57,completed,epidural steroid injection katy,29.82362622210367,-95.81418011538403,16,Yes
95b84a65-34a0-4910-8014-2c232ddb82ec,"Imran Qureshi, DO",https://maps.google.com/?cid=11194524184802872596&g_mp=CiVnb29nbGUubWFwcy5wbGFjZXMudjEuUGxhY2VzLkdldFBsYWNlEAIYASAA,2026-03-04 19:50:57,completed,epidural injection katy tx,29.742762999999997,-95.7749334,4,Yes
95b84a65-34a0-4910-8014-2c232ddb82ec,"Imran Qureshi, DO",https://maps.google.com/?cid=11194524184802872596&g_mp=CiVnb29nbGUubWFwcy5wbGFjZXMudjEuUGxhY2VzLkdldFBsYWNlEAIYASAA,2026-03-04 19:50:57,completed,epidural injection katy tx,29.786637615708845,-95.77514489605376,15,Yes
95b84a65-34a0-4910-8014-2c232ddb82ec,"Imran Qureshi, DO",https://maps.google.com/?cid=11194524184802872596&g_mp=CiVnb29nbGUubWFwcy5wbGFjZXMudjEuUGxhY2VzLkdldFBsYWNlEAIYASAA,2026-03-04 19:50:57,completed,epidural injection katy tx,29.77413892304286,-95.73961147611455,12,Yes
95b84a65-34a0-4910-8014-2c232ddb82ec,"Imran Qureshi, DO",https://maps.google.com/?cid=11194524184802872596&g_mp=CiVnb29nbGUubWFwcy5wbGFjZXMudjEuUGxhY2VzLkdldFBsYWNlEAIYASAA,2026-03-04 19:50:57,completed,epidural injection katy tx,29.742737297328205,-95.72440139638215,99,No
95b84a65-34a0-4910-8014-2c232ddb82ec,"Imran Qureshi, DO",https://maps.google.com/?cid=11194524184802872596&g_mp=CiVnb29nbGUubWFwcy5wbGFjZXMudjEuUGxhY2VzLkdldFBsYWNlEAIYASAA,2026-03-04 19:50:57,completed,epidural injection katy tx,29.711903356152348,-95.73901322229634,12,Yes
95b84a65-34a0-4910-8014-2c232ddb82ec,"Imran Qureshi, DO",https://maps.google.com/?cid=11194524184802872596&g_mp=CiVnb29nbGUubWFwcy5wbGFjZXMudjEuUGxhY2VzLkdldFBsYWNlEAIYASAA,2026-03-04 19:50:57,completed,epidural injection katy tx,29.69889240960163,-95.77564981025215,11,Yes
95b84a65-34a0-4910-8014-2c232ddb82ec,"Imran Qureshi, DO",https://maps.google.com/?cid=11194524184802872596&g_mp=CiVnb29nbGUubWFwcy5wbGFjZXMudjEuUGxhY2VzLkdldFBsYWNlEAIYASAA,2026-03-04 19:50:57,completed,epidural injection katy tx,29.71203469364051,-95.81100262181853,11,Yes
95b84a65-34a0-4910-8014-2c232ddb82ec,"Imran Qureshi, DO",https://maps.google.com/?cid=11194524184802872596&g_mp=CiVnb29nbGUubWFwcy5wbGFjZXMudjEuUGxhY2VzLkdldFBsYWNlEAIYASAA,2026-03-04 19:50:57,completed,epidural injection katy tx,29.743175653360492,-95.82546317726194,11,Yes
95b84a65-34a0-4910-8014-2c232ddb82ec,"Imran Qureshi, DO",https://maps.google.com/?cid=11194524184802872596&g_mp=CiVnb29nbGUubWFwcy5wbGFjZXMudjEuUGxhY2VzLkdldFBsYWNlEAIYASAA,2026-03-04 19:50:57,completed,epidural injection katy tx,29.77374347582937,-95.81071534234296,15,Yes
95b84a65-34a0-4910-8014-2c232ddb82ec,"Imran Qureshi, DO",https://maps.google.com/?cid=11194524184802872596&g_mp=CiVnb29nbGUubWFwcy5wbGFjZXMudjEuUGxhY2VzLkdldFBsYWNlEAIYASAA,2026-03-04 19:50:57,completed,epidural injection katy tx,29.830506024575563,-95.77620767954637,10,Yes
95b84a65-34a0-4910-8014-2c232ddb82ec,"Imran Qureshi, DO",https://maps.google.com/?cid=11194524184802872596&g_mp=CiVnb29nbGUubWFwcy5wbGFjZXMudjEuUGxhY2VzLkdldFBsYWNlEAIYASAA,2026-03-04 19:50:57,completed,epidural injection katy tx,29.82354273976582,-95.73545930017379,11,Yes
95b84a65-34a0-4910-8014-2c232ddb82ec,"Imran Qureshi, DO",https://maps.google.com/?cid=11194524184802872596&g_mp=CiVnb29nbGUubWFwcy5wbGFjZXMudjEuUGxhY2VzLkdldFBsYWNlEAIYASAA,2026-03-04 19:50:57,completed,epidural injection katy tx,29.804840749719528,-95.70350390806647,10,Yes
95b84a65-34a0-4910-8014-2c232ddb82ec,"Imran Qureshi, DO",https://maps.google.com/?cid=11194524184802872596&g_mp=CiVnb29nbGUubWFwcy5wbGFjZXMudjEuUGxhY2VzLkdldFBsYWNlEAIYASAA,2026-03-04 19:50:57,completed,epidural injection katy tx,29.77558156593615,-95.68120375334412,12,Yes
95b84a65-34a0-4910-8014-2c232ddb82ec,"Imran Qureshi, DO",https://maps.google.com/?cid=11194524184802872596&g_mp=CiVnb29nbGUubWFwcy5wbGFjZXMudjEuUGxhY2VzLkdldFBsYWNlEAIYASAA,2026-03-04 19:50:57,completed,epidural injection katy tx,29.743473631765205,-95.67387268954629,12,Yes
95b84a65-34a0-4910-8014-2c232ddb82ec,"Imran Qureshi, DO",https://maps.google.com/?cid=11194524184802872596&g_mp=CiVnb29nbGUubWFwcy5wbGFjZXMudjEuUGxhY2VzLkdldFBsYWNlEAIYASAA,2026-03-04 19:50:57,completed,epidural injection katy tx,29.709376354311434,-95.68147026199502,12,Yes
95b84a65-34a0-4910-8014-2c232ddb82ec,"Imran Qureshi, DO",https://maps.google.com/?cid=11194524184802872596&g_mp=CiVnb29nbGUubWFwcy5wbGFjZXMudjEuUGxhY2VzLkdldFBsYWNlEAIYASAA,2026-03-04 19:50:57,completed,epidural injection katy tx,29.681214717412765,-95.70289870050019,99,No
95b84a65-34a0-4910-8014-2c232ddb82ec,"Imran Qureshi, DO",https://maps.google.com/?cid=11194524184802872596&g_mp=CiVnb29nbGUubWFwcy5wbGFjZXMudjEuUGxhY2VzLkdldFBsYWNlEAIYASAA,2026-03-04 19:50:57,completed,epidural injection katy tx,29.661897636202355,-95.7356925384743,11,Yes
95b84a65-34a0-4910-8014-2c232ddb82ec,"Imran Qureshi, DO",https://maps.google.com/?cid=11194524184802872596&g_mp=CiVnb29nbGUubWFwcy5wbGFjZXMudjEuUGxhY2VzLkdldFBsYWNlEAIYASAA,2026-03-04 19:50:57,completed,epidural injection katy tx,29.65501300109988,-95.77494940153306,4,Yes
95b84a65-34a0-4910-8014-2c232ddb82ec,"Imran Qureshi, DO",https://maps.google.com/?cid=11194524184802872596&g_mp=CiVnb29nbGUubWFwcy5wbGFjZXMudjEuUGxhY2VzLkdldFBsYWNlEAIYASAA,2026-03-04 19:50:57,completed,epidural injection katy tx,29.662198477327006,-95.81498667848135,12,Yes
95b84a65-34a0-4910-8014-2c232ddb82ec,"Imran Qureshi, DO",https://maps.google.com/?cid=11194524184802872596&g_mp=CiVnb29nbGUubWFwcy5wbGFjZXMudjEuUGxhY2VzLkdldFBsYWNlEAIYASAA,2026-03-04 19:50:57,completed,epidural injection katy tx,29.680915915100147,-95.84662781906809,11,Yes
95b84a65-34a0-4910-8014-2c232ddb82ec,"Imran Qureshi, DO",https://maps.google.com/?cid=11194524184802872596&g_mp=CiVnb29nbGUubWFwcy5wbGFjZXMudjEuUGxhY2VzLkdldFBsYWNlEAIYASAA,2026-03-04 19:50:57,completed,epidural injection katy tx,29.70941038335707,-95.86841265270799,12,Yes
95b84a65-34a0-4910-8014-2c232ddb82ec,"Imran Qureshi, DO",https://maps.google.com/?cid=11194524184802872596&g_mp=CiVnb29nbGUubWFwcy5wbGFjZXMudjEuUGxhY2VzLkdldFBsYWNlEAIYASAA,2026-03-04 19:50:57,completed,epidural injection katy tx,29.74236791320623,-95.87599640020086,10,Yes
95b84a65-34a0-4910-8014-2c232ddb82ec,"Imran Qureshi, DO",https://maps.google.com/?cid=11194524184802872596&g_mp=CiVnb29nbGUubWFwcy5wbGFjZXMudjEuUGxhY2VzLkdldFBsYWNlEAIYASAA,2026-03-04 19:50:57,completed,epidural injection katy tx,29.775305761225972,-95.86879051996803,12,Yes
95b84a65-34a0-4910-8014-2c232ddb82ec,"Imran Qureshi, DO",https://maps.google.com/?cid=11194524184802872596&g_mp=CiVnb29nbGUubWFwcy5wbGFjZXMudjEuUGxhY2VzLkdldFBsYWNlEAIYASAA,2026-03-04 19:50:57,completed,epidural injection katy tx,29.80556171130214,-95.84552198485967,13,Yes
95b84a65-34a0-4910-8014-2c232ddb82ec,"Imran Qureshi, DO",https://maps.google.com/?cid=11194524184802872596&g_mp=CiVnb29nbGUubWFwcy5wbGFjZXMudjEuUGxhY2VzLkdldFBsYWNlEAIYASAA,2026-03-04 19:50:57,completed,epidural injection katy tx,29.82362622210367,-95.81418011538403,11,Yes
95b84a65-34a0-4910-8014-2c232ddb82ec,"Imran Qureshi, DO",https://maps.google.com/?cid=11194524184802872596&g_mp=CiVnb29nbGUubWFwcy5wbGFjZXMudjEuUGxhY2VzLkdldFBsYWNlEAIYASAA,2026-03-04 19:50:57,completed,lumbar epidural steroid injection katy,29.742762999999997,-95.7749334,7,Yes
95b84a65-34a0-4910-8014-2c232ddb82ec,"Imran Qureshi, DO",https://maps.google.com/?cid=11194524184802872596&g_mp=CiVnb29nbGUubWFwcy5wbGFjZXMudjEuUGxhY2VzLkdldFBsYWNlEAIYASAA,2026-03-04 19:50:57,completed,lumbar epidural steroid injection katy,29.786637615708845,-95.77514489605376,13,Yes
95b84a65-34a0-4910-8014-2c232ddb82ec,"Imran Qureshi, DO",https://maps.google.com/?cid=11194524184802872596&g_mp=CiVnb29nbGUubWFwcy5wbGFjZXMudjEuUGxhY2VzLkdldFBsYWNlEAIYASAA,2026-03-04 19:50:57,completed,lumbar epidural steroid injection katy,29.77413892304286,-95.73961147611455,12,Yes
95b84a65-34a0-4910-8014-2c232ddb82ec,"Imran Qureshi, DO",https://maps.google.com/?cid=11194524184802872596&g_mp=CiVnb29nbGUubWFwcy5wbGFjZXMudjEuUGxhY2VzLkdldFBsYWNlEAIYASAA,2026-03-04 19:50:57,completed,lumbar epidural steroid injection katy,29.742737297328205,-95.72440139638215,15,Yes
95b84a65-34a0-4910-8014-2c232ddb82ec,"Imran Qureshi, DO",https://maps.google.com/?cid=11194524184802872596&g_mp=CiVnb29nbGUubWFwcy5wbGFjZXMudjEuUGxhY2VzLkdldFBsYWNlEAIYASAA,2026-03-04 19:50:57,completed,lumbar epidural steroid injection katy,29.711903356152348,-95.73901322229634,10,Yes
95b84a65-34a0-4910-8014-2c232ddb82ec,"Imran Qureshi, DO",https://maps.google.com/?cid=11194524184802872596&g_mp=CiVnb29nbGUubWFwcy5wbGFjZXMudjEuUGxhY2VzLkdldFBsYWNlEAIYASAA,2026-03-04 19:50:57,completed,lumbar epidural steroid injection katy,29.69889240960163,-95.77564981025215,10,Yes
95b84a65-34a0-4910-8014-2c232ddb82ec,"Imran Qureshi, DO",https://maps.google.com/?cid=11194524184802872596&g_mp=CiVnb29nbGUubWFwcy5wbGFjZXMudjEuUGxhY2VzLkdldFBsYWNlEAIYASAA,2026-03-04 19:50:57,completed,lumbar epidural steroid injection katy,29.71203469364051,-95.81100262181853,19,Yes
95b84a65-34a0-4910-8014-2c232ddb82ec,"Imran Qureshi, DO",https://maps.google.com/?cid=11194524184802872596&g_mp=CiVnb29nbGUubWFwcy5wbGFjZXMudjEuUGxhY2VzLkdldFBsYWNlEAIYASAA,2026-03-04 19:50:57,completed,lumbar epidural steroid injection katy,29.743175653360492,-95.82546317726194,10,Yes
95b84a65-34a0-4910-8014-2c232ddb82ec,"Imran Qureshi, DO",https://maps.google.com/?cid=11194524184802872596&g_mp=CiVnb29nbGUubWFwcy5wbGFjZXMudjEuUGxhY2VzLkdldFBsYWNlEAIYASAA,2026-03-04 19:50:57,completed,lumbar epidural steroid injection katy,29.77374347582937,-95.81071534234296,14,Yes
95b84a65-34a0-4910-8014-2c232ddb82ec,"Imran Qureshi, DO",https://maps.google.com/?cid=11194524184802872596&g_mp=CiVnb29nbGUubWFwcy5wbGFjZXMudjEuUGxhY2VzLkdldFBsYWNlEAIYASAA,2026-03-04 19:50:57,completed,lumbar epidural steroid injection katy,29.830506024575563,-95.77620767954637,13,Yes
95b84a65-34a0-4910-8014-2c232ddb82ec,"Imran Qureshi, DO",https://maps.google.com/?cid=11194524184802872596&g_mp=CiVnb29nbGUubWFwcy5wbGFjZXMudjEuUGxhY2VzLkdldFBsYWNlEAIYASAA,2026-03-04 19:50:57,completed,lumbar epidural steroid injection katy,29.82354273976582,-95.73545930017379,15,Yes
95b84a65-34a0-4910-8014-2c232ddb82ec,"Imran Qureshi, DO",https://maps.google.com/?cid=11194524184802872596&g_mp=CiVnb29nbGUubWFwcy5wbGFjZXMudjEuUGxhY2VzLkdldFBsYWNlEAIYASAA,2026-03-04 19:50:57,completed,lumbar epidural steroid injection katy,29.804840749719528,-95.70350390806647,13,Yes
95b84a65-34a0-4910-8014-2c232ddb82ec,"Imran Qureshi, DO",https://maps.google.com/?cid=11194524184802872596&g_mp=CiVnb29nbGUubWFwcy5wbGFjZXMudjEuUGxhY2VzLkdldFBsYWNlEAIYASAA,2026-03-04 19:50:57,completed,lumbar epidural steroid injection katy,29.77558156593615,-95.68120375334412,13,Yes
95b84a65-34a0-4910-8014-2c232ddb82ec,"Imran Qureshi, DO",https://maps.google.com/?cid=11194524184802872596&g_mp=CiVnb29nbGUubWFwcy5wbGFjZXMudjEuUGxhY2VzLkdldFBsYWNlEAIYASAA,2026-03-04 19:50:57,completed,lumbar epidural steroid injection katy,29.743473631765205,-95.67387268954629,12,Yes
95b84a65-34a0-4910-8014-2c232ddb82ec,"Imran Qureshi, DO",https://maps.google.com/?cid=11194524184802872596&g_mp=CiVnb29nbGUubWFwcy5wbGFjZXMudjEuUGxhY2VzLkdldFBsYWNlEAIYASAA,2026-03-04 19:50:57,completed,lumbar epidural steroid injection katy,29.709376354311434,-95.68147026199502,10,Yes
95b84a65-34a0-4910-8014-2c232ddb82ec,"Imran Qureshi, DO",https://maps.google.com/?cid=11194524184802872596&g_mp=CiVnb29nbGUubWFwcy5wbGFjZXMudjEuUGxhY2VzLkdldFBsYWNlEAIYASAA,2026-03-04 19:50:57,completed,lumbar epidural steroid injection katy,29.681214717412765,-95.70289870050019,12,Yes
95b84a65-34a0-4910-8014-2c232ddb82ec,"Imran Qureshi, DO",https://maps.google.com/?cid=11194524184802872596&g_mp=CiVnb29nbGUubWFwcy5wbGFjZXMudjEuUGxhY2VzLkdldFBsYWNlEAIYASAA,2026-03-04 19:50:57,completed,lumbar epidural steroid injection katy,29.661897636202355,-95.7356925384743,11,Yes
95b84a65-34a0-4910-8014-2c232ddb82ec,"Imran Qureshi, DO",https://maps.google.com/?cid=11194524184802872596&g_mp=CiVnb29nbGUubWFwcy5wbGFjZXMudjEuUGxhY2VzLkdldFBsYWNlEAIYASAA,2026-03-04 19:50:57,completed,lumbar epidural steroid injection katy,29.65501300109988,-95.77494940153306,11,Yes
95b84a65-34a0-4910-8014-2c232ddb82ec,"Imran Qureshi, DO",https://maps.google.com/?cid=11194524184802872596&g_mp=CiVnb29nbGUubWFwcy5wbGFjZXMudjEuUGxhY2VzLkdldFBsYWNlEAIYASAA,2026-03-04 19:50:57,completed,lumbar epidural steroid injection katy,29.662198477327006,-95.81498667848135,11,Yes
95b84a65-34a0-4910-8014-2c232ddb82ec,"Imran Qureshi, DO",https://maps.google.com/?cid=11194524184802872596&g_mp=CiVnb29nbGUubWFwcy5wbGFjZXMudjEuUGxhY2VzLkdldFBsYWNlEAIYASAA,2026-03-04 19:50:57,completed,lumbar epidural steroid injection katy,29.680915915100147,-95.84662781906809,12,Yes
95b84a65-34a0-4910-8014-2c232ddb82ec,"Imran Qureshi, DO",https://maps.google.com/?cid=11194524184802872596&g_mp=CiVnb29nbGUubWFwcy5wbGFjZXMudjEuUGxhY2VzLkdldFBsYWNlEAIYASAA,2026-03-04 19:50:57,completed,lumbar epidural steroid injection katy,29.70941038335707,-95.86841265270799,12,Yes
95b84a65-34a0-4910-8014-2c232ddb82ec,"Imran Qureshi, DO",https://maps.google.com/?cid=11194524184802872596&g_mp=CiVnb29nbGUubWFwcy5wbGFjZXMudjEuUGxhY2VzLkdldFBsYWNlEAIYASAA,2026-03-04 19:50:57,completed,lumbar epidural steroid injection katy,29.74236791320623,-95.87599640020086,12,Yes
95b84a65-34a0-4910-8014-2c232ddb82ec,"Imran Qureshi, DO",https://maps.google.com/?cid=11194524184802872596&g_mp=CiVnb29nbGUubWFwcy5wbGFjZXMudjEuUGxhY2VzLkdldFBsYWNlEAIYASAA,2026-03-04 19:50:57,completed,lumbar epidural steroid injection katy,29.775305761225972,-95.86879051996803,11,Yes
95b84a65-34a0-4910-8014-2c232ddb82ec,"Imran Qureshi, DO",https://maps.google.com/?cid=11194524184802872596&g_mp=CiVnb29nbGUubWFwcy5wbGFjZXMudjEuUGxhY2VzLkdldFBsYWNlEAIYASAA,2026-03-04 19:50:57,completed,lumbar epidural steroid injection katy,29.80556171130214,-95.84552198485967,13,Yes
95b84a65-34a0-4910-8014-2c232ddb82ec,"Imran Qureshi, DO",https://maps.google.com/?cid=11194524184802872596&g_mp=CiVnb29nbGUubWFwcy5wbGFjZXMudjEuUGxhY2VzLkdldFBsYWNlEAIYASAA,2026-03-04 19:50:57,completed,lumbar epidural steroid injection katy,29.82362622210367,-95.81418011538403,11,Yes
95b84a65-34a0-4910-8014-2c232ddb82ec,"Imran Qureshi, DO",https://maps.google.com/?cid=11194524184802872596&g_mp=CiVnb29nbGUubWFwcy5wbGFjZXMudjEuUGxhY2VzLkdldFBsYWNlEAIYASAA,2026-03-04 19:50:57,completed,cervical epidural steroid injection katy,29.742762999999997,-95.7749334,4,Yes
95b84a65-34a0-4910-8014-2c232ddb82ec,"Imran Qureshi, DO",https://maps.google.com/?cid=11194524184802872596&g_mp=CiVnb29nbGUubWFwcy5wbGFjZXMudjEuUGxhY2VzLkdldFBsYWNlEAIYASAA,2026-03-04 19:50:57,completed,cervical epidural steroid injection katy,29.786637615708845,-95.77514489605376,8,Yes
95b84a65-34a0-4910-8014-2c232ddb82ec,"Imran Qureshi, DO",https://maps.google.com/?cid=11194524184802872596&g_mp=CiVnb29nbGUubWFwcy5wbGFjZXMudjEuUGxhY2VzLkdldFBsYWNlEAIYASAA,2026-03-04 19:50:57,completed,cervical epidural steroid injection katy,29.77413892304286,-95.73961147611455,9,Yes
95b84a65-34a0-4910-8014-2c232ddb82ec,"Imran Qureshi, DO",https://maps.google.com/?cid=11194524184802872596&g_mp=CiVnb29nbGUubWFwcy5wbGFjZXMudjEuUGxhY2VzLkdldFBsYWNlEAIYASAA,2026-03-04 19:50:57,completed,cervical epidural steroid injection katy,29.742737297328205,-95.72440139638215,9,Yes
95b84a65-34a0-4910-8014-2c232ddb82ec,"Imran Qureshi, DO",https://maps.google.com/?cid=11194524184802872596&g_mp=CiVnb29nbGUubWFwcy5wbGFjZXMudjEuUGxhY2VzLkdldFBsYWNlEAIYASAA,2026-03-04 19:50:57,completed,cervical epidural steroid injection katy,29.711903356152348,-95.73901322229634,8,Yes
95b84a65-34a0-4910-8014-2c232ddb82ec,"Imran Qureshi, DO",https://maps.google.com/?cid=11194524184802872596&g_mp=CiVnb29nbGUubWFwcy5wbGFjZXMudjEuUGxhY2VzLkdldFBsYWNlEAIYASAA,2026-03-04 19:50:57,completed,cervical epidural steroid injection katy,29.69889240960163,-95.77564981025215,8,Yes
95b84a65-34a0-4910-8014-2c232ddb82ec,"Imran Qureshi, DO",https://maps.google.com/?cid=11194524184802872596&g_mp=CiVnb29nbGUubWFwcy5wbGFjZXMudjEuUGxhY2VzLkdldFBsYWNlEAIYASAA,2026-03-04 19:50:57,completed,cervical epidural steroid injection katy,29.71203469364051,-95.81100262181853,4,Yes
95b84a65-34a0-4910-8014-2c232ddb82ec,"Imran Qureshi, DO",https://maps.google.com/?cid=11194524184802872596&g_mp=CiVnb29nbGUubWFwcy5wbGFjZXMudjEuUGxhY2VzLkdldFBsYWNlEAIYASAA,2026-03-04 19:50:57,completed,cervical epidural steroid injection katy,29.743175653360492,-95.82546317726194,9,Yes
95b84a65-34a0-4910-8014-2c232ddb82ec,"Imran Qureshi, DO",https://maps.google.com/?cid=11194524184802872596&g_mp=CiVnb29nbGUubWFwcy5wbGFjZXMudjEuUGxhY2VzLkdldFBsYWNlEAIYASAA,2026-03-04 19:50:57,completed,cervical epidural steroid injection katy,29.77374347582937,-95.81071534234296,10,Yes
95b84a65-34a0-4910-8014-2c232ddb82ec,"Imran Qureshi, DO",https://maps.google.com/?cid=11194524184802872596&g_mp=CiVnb29nbGUubWFwcy5wbGFjZXMudjEuUGxhY2VzLkdldFBsYWNlEAIYASAA,2026-03-04 19:50:57,completed,cervical epidural steroid injection katy,29.830506024575563,-95.77620767954637,8,Yes
95b84a65-34a0-4910-8014-2c232ddb82ec,"Imran Qureshi, DO",https://maps.google.com/?cid=11194524184802872596&g_mp=CiVnb29nbGUubWFwcy5wbGFjZXMudjEuUGxhY2VzLkdldFBsYWNlEAIYASAA,2026-03-04 19:50:57,completed,cervical epidural steroid injection katy,29.82354273976582,-95.73545930017379,99,No
95b84a65-34a0-4910-8014-2c232ddb82ec,"Imran Qureshi, DO",https://maps.google.com/?cid=11194524184802872596&g_mp=CiVnb29nbGUubWFwcy5wbGFjZXMudjEuUGxhY2VzLkdldFBsYWNlEAIYASAA,2026-03-04 19:50:57,completed,cervical epidural steroid injection katy,29.804840749719528,-95.70350390806647,9,Yes
95b84a65-34a0-4910-8014-2c232ddb82ec,"Imran Qureshi, DO",https://maps.google.com/?cid=11194524184802872596&g_mp=CiVnb29nbGUubWFwcy5wbGFjZXMudjEuUGxhY2VzLkdldFBsYWNlEAIYASAA,2026-03-04 19:50:57,completed,cervical epidural steroid injection katy,29.77558156593615,-95.68120375334412,8,Yes
95b84a65-34a0-4910-8014-2c232ddb82ec,"Imran Qureshi, DO",https://maps.google.com/?cid=11194524184802872596&g_mp=CiVnb29nbGUubWFwcy5wbGFjZXMudjEuUGxhY2VzLkdldFBsYWNlEAIYASAA,2026-03-04 19:50:57,completed,cervical epidural steroid injection katy,29.743473631765205,-95.67387268954629,9,Yes
95b84a65-34a0-4910-8014-2c232ddb82ec,"Imran Qureshi, DO",https://maps.google.com/?cid=11194524184802872596&g_mp=CiVnb29nbGUubWFwcy5wbGFjZXMudjEuUGxhY2VzLkdldFBsYWNlEAIYASAA,2026-03-04 19:50:57,completed,cervical epidural steroid injection katy,29.709376354311434,-95.68147026199502,8,Yes
95b84a65-34a0-4910-8014-2c232ddb82ec,"Imran Qureshi, DO",https://maps.google.com/?cid=11194524184802872596&g_mp=CiVnb29nbGUubWFwcy5wbGFjZXMudjEuUGxhY2VzLkdldFBsYWNlEAIYASAA,2026-03-04 19:50:57,completed,cervical epidural steroid injection katy,29.681214717412765,-95.70289870050019,8,Yes
95b84a65-34a0-4910-8014-2c232ddb82ec,"Imran Qureshi, DO",https://maps.google.com/?cid=11194524184802872596&g_mp=CiVnb29nbGUubWFwcy5wbGFjZXMudjEuUGxhY2VzLkdldFBsYWNlEAIYASAA,2026-03-04 19:50:57,completed,cervical epidural steroid injection katy,29.661897636202355,-95.7356925384743,8,Yes
95b84a65-34a0-4910-8014-2c232ddb82ec,"Imran Qureshi, DO",https://maps.google.com/?cid=11194524184802872596&g_mp=CiVnb29nbGUubWFwcy5wbGFjZXMudjEuUGxhY2VzLkdldFBsYWNlEAIYASAA,2026-03-04 19:50:57,completed,cervical epidural steroid injection katy,29.65501300109988,-95.77494940153306,9,Yes
95b84a65-34a0-4910-8014-2c232ddb82ec,"Imran Qureshi, DO",https://maps.google.com/?cid=11194524184802872596&g_mp=CiVnb29nbGUubWFwcy5wbGFjZXMudjEuUGxhY2VzLkdldFBsYWNlEAIYASAA,2026-03-04 19:50:57,completed,cervical epidural steroid injection katy,29.662198477327006,-95.81498667848135,8,Yes
95b84a65-34a0-4910-8014-2c232ddb82ec,"Imran Qureshi, DO",https://maps.google.com/?cid=11194524184802872596&g_mp=CiVnb29nbGUubWFwcy5wbGFjZXMudjEuUGxhY2VzLkdldFBsYWNlEAIYASAA,2026-03-04 19:50:57,completed,cervical epidural steroid injection katy,29.680915915100147,-95.84662781906809,4,Yes
95b84a65-34a0-4910-8014-2c232ddb82ec,"Imran Qureshi, DO",https://maps.google.com/?cid=11194524184802872596&g_mp=CiVnb29nbGUubWFwcy5wbGFjZXMudjEuUGxhY2VzLkdldFBsYWNlEAIYASAA,2026-03-04 19:50:57,completed,cervical epidural steroid injection katy,29.70941038335707,-95.86841265270799,10,Yes
95b84a65-34a0-4910-8014-2c232ddb82ec,"Imran Qureshi, DO",https://maps.google.com/?cid=11194524184802872596&g_mp=CiVnb29nbGUubWFwcy5wbGFjZXMudjEuUGxhY2VzLkdldFBsYWNlEAIYASAA,2026-03-04 19:50:57,completed,cervical epidural steroid injection katy,29.74236791320623,-95.87599640020086,9,Yes
95b84a65-34a0-4910-8014-2c232ddb82ec,"Imran Qureshi, DO",https://maps.google.com/?cid=11194524184802872596&g_mp=CiVnb29nbGUubWFwcy5wbGFjZXMudjEuUGxhY2VzLkdldFBsYWNlEAIYASAA,2026-03-04 19:50:57,completed,cervical epidural steroid injection katy,29.775305761225972,-95.86879051996803,10,Yes
95b84a65-34a0-4910-8014-2c232ddb82ec,"Imran Qureshi, DO",https://maps.google.com/?cid=11194524184802872596&g_mp=CiVnb29nbGUubWFwcy5wbGFjZXMudjEuUGxhY2VzLkdldFBsYWNlEAIYASAA,2026-03-04 19:50:57,completed,cervical epidural steroid injection katy,29.80556171130214,-95.84552198485967,7,Yes
95b84a65-34a0-4910-8014-2c232ddb82ec,"Imran Qureshi, DO",https://maps.google.com/?cid=11194524184802872596&g_mp=CiVnb29nbGUubWFwcy5wbGFjZXMudjEuUGxhY2VzLkdldFBsYWNlEAIYASAA,2026-03-04 19:50:57,completed,cervical epidural steroid injection katy,29.82362622210367,-95.81418011538403,10,Yes
95b84a65-34a0-4910-8014-2c232ddb82ec,"Imran Qureshi, DO",https://maps.google.com/?cid=11194524184802872596&g_mp=CiVnb29nbGUubWFwcy5wbGFjZXMudjEuUGxhY2VzLkdldFBsYWNlEAIYASAA,2026-03-04 19:50:57,completed,prp injection katy tx,29.742762999999997,-95.7749334,99,No
95b84a65-34a0-4910-8014-2c232ddb82ec,"Imran Qureshi, DO",https://maps.google.com/?cid=11194524184802872596&g_mp=CiVnb29nbGUubWFwcy5wbGFjZXMudjEuUGxhY2VzLkdldFBsYWNlEAIYASAA,2026-03-04 19:50:57,completed,prp injection katy tx,29.786637615708845,-95.77514489605376,99,No
95b84a65-34a0-4910-8014-2c232ddb82ec,"Imran Qureshi, DO",https://maps.google.com/?cid=11194524184802872596&g_mp=CiVnb29nbGUubWFwcy5wbGFjZXMudjEuUGxhY2VzLkdldFBsYWNlEAIYASAA,2026-03-04 19:50:57,completed,prp injection katy tx,29.77413892304286,-95.73961147611455,99,No
95b84a65-34a0-4910-8014-2c232ddb82ec,"Imran Qureshi, DO",https://maps.google.com/?cid=11194524184802872596&g_mp=CiVnb29nbGUubWFwcy5wbGFjZXMudjEuUGxhY2VzLkdldFBsYWNlEAIYASAA,2026-03-04 19:50:57,completed,prp injection katy tx,29.742737297328205,-95.72440139638215,99,No
95b84a65-34a0-4910-8014-2c232ddb82ec,"Imran Qureshi, DO",https://maps.google.com/?cid=11194524184802872596&g_mp=CiVnb29nbGUubWFwcy5wbGFjZXMudjEuUGxhY2VzLkdldFBsYWNlEAIYASAA,2026-03-04 19:50:57,completed,prp injection katy tx,29.711903356152348,-95.73901322229634,99,No
95b84a65-34a0-4910-8014-2c232ddb82ec,"Imran Qureshi, DO",https://maps.google.com/?cid=11194524184802872596&g_mp=CiVnb29nbGUubWFwcy5wbGFjZXMudjEuUGxhY2VzLkdldFBsYWNlEAIYASAA,2026-03-04 19:50:57,completed,prp injection katy tx,29.69889240960163,-95.77564981025215,99,No
95b84a65-34a0-4910-8014-2c232ddb82ec,"Imran Qureshi, DO",https://maps.google.com/?cid=11194524184802872596&g_mp=CiVnb29nbGUubWFwcy5wbGFjZXMudjEuUGxhY2VzLkdldFBsYWNlEAIYASAA,2026-03-04 19:50:57,completed,prp injection katy tx,29.71203469364051,-95.81100262181853,99,No
95b84a65-34a0-4910-8014-2c232ddb82ec,"Imran Qureshi, DO",https://maps.google.com/?cid=11194524184802872596&g_mp=CiVnb29nbGUubWFwcy5wbGFjZXMudjEuUGxhY2VzLkdldFBsYWNlEAIYASAA,2026-03-04 19:50:57,completed,prp injection katy tx,29.743175653360492,-95.82546317726194,99,No
95b84a65-34a0-4910-8014-2c232ddb82ec,"Imran Qureshi, DO",https://maps.google.com/?cid=11194524184802872596&g_mp=CiVnb29nbGUubWFwcy5wbGFjZXMudjEuUGxhY2VzLkdldFBsYWNlEAIYASAA,2026-03-04 19:50:57,completed,prp injection katy tx,29.77374347582937,-95.81071534234296,99,No
95b84a65-34a0-4910-8014-2c232ddb82ec,"Imran Qureshi, DO",https://maps.google.com/?cid=11194524184802872596&g_mp=CiVnb29nbGUubWFwcy5wbGFjZXMudjEuUGxhY2VzLkdldFBsYWNlEAIYASAA,2026-03-04 19:50:57,completed,prp injection katy tx,29.830506024575563,-95.77620767954637,99,No
95b84a65-34a0-4910-8014-2c232ddb82ec,"Imran Qureshi, DO",https://maps.google.com/?cid=11194524184802872596&g_mp=CiVnb29nbGUubWFwcy5wbGFjZXMudjEuUGxhY2VzLkdldFBsYWNlEAIYASAA,2026-03-04 19:50:57,completed,prp injection katy tx,29.82354273976582,-95.73545930017379,99,No
95b84a65-34a0-4910-8014-2c232ddb82ec,"Imran Qureshi, DO",https://maps.google.com/?cid=11194524184802872596&g_mp=CiVnb29nbGUubWFwcy5wbGFjZXMudjEuUGxhY2VzLkdldFBsYWNlEAIYASAA,2026-03-04 19:50:57,completed,prp injection katy tx,29.804840749719528,-95.70350390806647,99,No
95b84a65-34a0-4910-8014-2c232ddb82ec,"Imran Qureshi, DO",https://maps.google.com/?cid=11194524184802872596&g_mp=CiVnb29nbGUubWFwcy5wbGFjZXMudjEuUGxhY2VzLkdldFBsYWNlEAIYASAA,2026-03-04 19:50:57,completed,prp injection katy tx,29.77558156593615,-95.68120375334412,99,No
95b84a65-34a0-4910-8014-2c232ddb82ec,"Imran Qureshi, DO",https://maps.google.com/?cid=11194524184802872596&g_mp=CiVnb29nbGUubWFwcy5wbGFjZXMudjEuUGxhY2VzLkdldFBsYWNlEAIYASAA,2026-03-04 19:50:57,completed,prp injection katy tx,29.743473631765205,-95.67387268954629,99,No
95b84a65-34a0-4910-8014-2c232ddb82ec,"Imran Qureshi, DO",https://maps.google.com/?cid=11194524184802872596&g_mp=CiVnb29nbGUubWFwcy5wbGFjZXMudjEuUGxhY2VzLkdldFBsYWNlEAIYASAA,2026-03-04 19:50:57,completed,prp injection katy tx,29.709376354311434,-95.68147026199502,99,No
95b84a65-34a0-4910-8014-2c232ddb82ec,"Imran Qureshi, DO",https://maps.google.com/?cid=11194524184802872596&g_mp=CiVnb29nbGUubWFwcy5wbGFjZXMudjEuUGxhY2VzLkdldFBsYWNlEAIYASAA,2026-03-04 19:50:57,completed,prp injection katy tx,29.681214717412765,-95.70289870050019,99,No
95b84a65-34a0-4910-8014-2c232ddb82ec,"Imran Qureshi, DO",https://maps.google.com/?cid=11194524184802872596&g_mp=CiVnb29nbGUubWFwcy5wbGFjZXMudjEuUGxhY2VzLkdldFBsYWNlEAIYASAA,2026-03-04 19:50:57,completed,prp injection katy tx,29.661897636202355,-95.7356925384743,99,No
95b84a65-34a0-4910-8014-2c232ddb82ec,"Imran Qureshi, DO",https://maps.google.com/?cid=11194524184802872596&g_mp=CiVnb29nbGUubWFwcy5wbGFjZXMudjEuUGxhY2VzLkdldFBsYWNlEAIYASAA,2026-03-04 19:50:57,completed,prp injection katy tx,29.65501300109988,-95.77494940153306,99,No
95b84a65-34a0-4910-8014-2c232ddb82ec,"Imran Qureshi, DO",https://maps.google.com/?cid=11194524184802872596&g_mp=CiVnb29nbGUubWFwcy5wbGFjZXMudjEuUGxhY2VzLkdldFBsYWNlEAIYASAA,2026-03-04 19:50:57,completed,prp injection katy tx,29.662198477327006,-95.81498667848135,99,No
95b84a65-34a0-4910-8014-2c232ddb82ec,"Imran Qureshi, DO",https://maps.google.com/?cid=11194524184802872596&g_mp=CiVnb29nbGUubWFwcy5wbGFjZXMudjEuUGxhY2VzLkdldFBsYWNlEAIYASAA,2026-03-04 19:50:57,completed,prp injection katy tx,29.680915915100147,-95.84662781906809,99,No
95b84a65-34a0-4910-8014-2c232ddb82ec,"Imran Qureshi, DO",https://maps.google.com/?cid=11194524184802872596&g_mp=CiVnb29nbGUubWFwcy5wbGFjZXMudjEuUGxhY2VzLkdldFBsYWNlEAIYASAA,2026-03-04 19:50:57,completed,prp injection katy tx,29.70941038335707,-95.86841265270799,99,No
95b84a65-34a0-4910-8014-2c232ddb82ec,"Imran Qureshi, DO",https://maps.google.com/?cid=11194524184802872596&g_mp=CiVnb29nbGUubWFwcy5wbGFjZXMudjEuUGxhY2VzLkdldFBsYWNlEAIYASAA,2026-03-04 19:50:57,completed,prp injection katy tx,29.74236791320623,-95.87599640020086,99,No
95b84a65-34a0-4910-8014-2c232ddb82ec,"Imran Qureshi, DO",https://maps.google.com/?cid=11194524184802872596&g_mp=CiVnb29nbGUubWFwcy5wbGFjZXMudjEuUGxhY2VzLkdldFBsYWNlEAIYASAA,2026-03-04 19:50:57,completed,prp injection katy tx,29.775305761225972,-95.86879051996803,99,No
95b84a65-34a0-4910-8014-2c232ddb82ec,"Imran Qureshi, DO",https://maps.google.com/?cid=11194524184802872596&g_mp=CiVnb29nbGUubWFwcy5wbGFjZXMudjEuUGxhY2VzLkdldFBsYWNlEAIYASAA,2026-03-04 19:50:57,completed,prp injection katy tx,29.80556171130214,-95.84552198485967,99,No
95b84a65-34a0-4910-8014-2c232ddb82ec,"Imran Qureshi, DO",https://maps.google.com/?cid=11194524184802872596&g_mp=CiVnb29nbGUubWFwcy5wbGFjZXMudjEuUGxhY2VzLkdldFBsYWNlEAIYASAA,2026-03-04 19:50:57,completed,prp injection katy tx,29.82362622210367,-95.81418011538403,99,No
95b84a65-34a0-4910-8014-2c232ddb82ec,"Imran Qureshi, DO",https://maps.google.com/?cid=11194524184802872596&g_mp=CiVnb29nbGUubWFwcy5wbGFjZXMudjEuUGxhY2VzLkdldFBsYWNlEAIYASAA,2026-03-04 19:50:57,completed,pain management katy tx,29.742762999999997,-95.7749334,6,Yes
95b84a65-34a0-4910-8014-2c232ddb82ec,"Imran Qureshi, DO",https://maps.google.com/?cid=11194524184802872596&g_mp=CiVnb29nbGUubWFwcy5wbGFjZXMudjEuUGxhY2VzLkdldFBsYWNlEAIYASAA,2026-03-04 19:50:57,completed,pain management katy tx,29.786637615708845,-95.77514489605376,10,Yes
95b84a65-34a0-4910-8014-2c232ddb82ec,"Imran Qureshi, DO",https://maps.google.com/?cid=11194524184802872596&g_mp=CiVnb29nbGUubWFwcy5wbGFjZXMudjEuUGxhY2VzLkdldFBsYWNlEAIYASAA,2026-03-04 19:50:57,completed,pain management katy tx,29.77413892304286,-95.73961147611455,11,Yes
95b84a65-34a0-4910-8014-2c232ddb82ec,"Imran Qureshi, DO",https://maps.google.com/?cid=11194524184802872596&g_mp=CiVnb29nbGUubWFwcy5wbGFjZXMudjEuUGxhY2VzLkdldFBsYWNlEAIYASAA,2026-03-04 19:50:57,completed,pain management katy tx,29.742737297328205,-95.72440139638215,11,Yes
95b84a65-34a0-4910-8014-2c232ddb82ec,"Imran Qureshi, DO",https://maps.google.com/?cid=11194524184802872596&g_mp=CiVnb29nbGUubWFwcy5wbGFjZXMudjEuUGxhY2VzLkdldFBsYWNlEAIYASAA,2026-03-04 19:50:57,completed,pain management katy tx,29.711903356152348,-95.73901322229634,9,Yes
95b84a65-34a0-4910-8014-2c232ddb82ec,"Imran Qureshi, DO",https://maps.google.com/?cid=11194524184802872596&g_mp=CiVnb29nbGUubWFwcy5wbGFjZXMudjEuUGxhY2VzLkdldFBsYWNlEAIYASAA,2026-03-04 19:50:57,completed,pain management katy tx,29.69889240960163,-95.77564981025215,9,Yes
95b84a65-34a0-4910-8014-2c232ddb82ec,"Imran Qureshi, DO",https://maps.google.com/?cid=11194524184802872596&g_mp=CiVnb29nbGUubWFwcy5wbGFjZXMudjEuUGxhY2VzLkdldFBsYWNlEAIYASAA,2026-03-04 19:50:57,completed,pain management katy tx,29.71203469364051,-95.81100262181853,11,Yes
95b84a65-34a0-4910-8014-2c232ddb82ec,"Imran Qureshi, DO",https://maps.google.com/?cid=11194524184802872596&g_mp=CiVnb29nbGUubWFwcy5wbGFjZXMudjEuUGxhY2VzLkdldFBsYWNlEAIYASAA,2026-03-04 19:50:57,completed,pain management katy tx,29.743175653360492,-95.82546317726194,6,Yes
95b84a65-34a0-4910-8014-2c232ddb82ec,"Imran Qureshi, DO",https://maps.google.com/?cid=11194524184802872596&g_mp=CiVnb29nbGUubWFwcy5wbGFjZXMudjEuUGxhY2VzLkdldFBsYWNlEAIYASAA,2026-03-04 19:50:57,completed,pain management katy tx,29.77374347582937,-95.81071534234296,10,Yes
95b84a65-34a0-4910-8014-2c232ddb82ec,"Imran Qureshi, DO",https://maps.google.com/?cid=11194524184802872596&g_mp=CiVnb29nbGUubWFwcy5wbGFjZXMudjEuUGxhY2VzLkdldFBsYWNlEAIYASAA,2026-03-04 19:50:57,completed,pain management katy tx,29.830506024575563,-95.77620767954637,12,Yes
95b84a65-34a0-4910-8014-2c232ddb82ec,"Imran Qureshi, DO",https://maps.google.com/?cid=11194524184802872596&g_mp=CiVnb29nbGUubWFwcy5wbGFjZXMudjEuUGxhY2VzLkdldFBsYWNlEAIYASAA,2026-03-04 19:50:57,completed,pain management katy tx,29.82354273976582,-95.73545930017379,14,Yes
95b84a65-34a0-4910-8014-2c232ddb82ec,"Imran Qureshi, DO",https://maps.google.com/?cid=11194524184802872596&g_mp=CiVnb29nbGUubWFwcy5wbGFjZXMudjEuUGxhY2VzLkdldFBsYWNlEAIYASAA,2026-03-04 19:50:57,completed,pain management katy tx,29.804840749719528,-95.70350390806647,12,Yes
95b84a65-34a0-4910-8014-2c232ddb82ec,"Imran Qureshi, DO",https://maps.google.com/?cid=11194524184802872596&g_mp=CiVnb29nbGUubWFwcy5wbGFjZXMudjEuUGxhY2VzLkdldFBsYWNlEAIYASAA,2026-03-04 19:50:57,completed,pain management katy tx,29.77558156593615,-95.68120375334412,9,Yes
95b84a65-34a0-4910-8014-2c232ddb82ec,"Imran Qureshi, DO",https://maps.google.com/?cid=11194524184802872596&g_mp=CiVnb29nbGUubWFwcy5wbGFjZXMudjEuUGxhY2VzLkdldFBsYWNlEAIYASAA,2026-03-04 19:50:57,completed,pain management katy tx,29.743473631765205,-95.67387268954629,13,Yes
95b84a65-34a0-4910-8014-2c232ddb82ec,"Imran Qureshi, DO",https://maps.google.com/?cid=11194524184802872596&g_mp=CiVnb29nbGUubWFwcy5wbGFjZXMudjEuUGxhY2VzLkdldFBsYWNlEAIYASAA,2026-03-04 19:50:57,completed,pain management katy tx,29.709376354311434,-95.68147026199502,10,Yes
95b84a65-34a0-4910-8014-2c232ddb82ec,"Imran Qureshi, DO",https://maps.google.com/?cid=11194524184802872596&g_mp=CiVnb29nbGUubWFwcy5wbGFjZXMudjEuUGxhY2VzLkdldFBsYWNlEAIYASAA,2026-03-04 19:50:57,completed,pain management katy tx,29.681214717412765,-95.70289870050019,9,Yes
95b84a65-34a0-4910-8014-2c232ddb82ec,"Imran Qureshi, DO",https://maps.google.com/?cid=11194524184802872596&g_mp=CiVnb29nbGUubWFwcy5wbGFjZXMudjEuUGxhY2VzLkdldFBsYWNlEAIYASAA,2026-03-04 19:50:57,completed,pain management katy tx,29.661897636202355,-95.7356925384743,8,Yes
95b84a65-34a0-4910-8014-2c232ddb82ec,"Imran Qureshi, DO",https://maps.google.com/?cid=11194524184802872596&g_mp=CiVnb29nbGUubWFwcy5wbGFjZXMudjEuUGxhY2VzLkdldFBsYWNlEAIYASAA,2026-03-04 19:50:57,completed,pain management katy tx,29.65501300109988,-95.77494940153306,10,Yes
95b84a65-34a0-4910-8014-2c232ddb82ec,"Imran Qureshi, DO",https://maps.google.com/?cid=11194524184802872596&g_mp=CiVnb29nbGUubWFwcy5wbGFjZXMudjEuUGxhY2VzLkdldFBsYWNlEAIYASAA,2026-03-04 19:50:57,completed,pain management katy tx,29.662198477327006,-95.81498667848135,10,Yes
95b84a65-34a0-4910-8014-2c232ddb82ec,"Imran Qureshi, DO",https://maps.google.com/?cid=11194524184802872596&g_mp=CiVnb29nbGUubWFwcy5wbGFjZXMudjEuUGxhY2VzLkdldFBsYWNlEAIYASAA,2026-03-04 19:50:57,completed,pain management katy tx,29.680915915100147,-95.84662781906809,10,Yes
95b84a65-34a0-4910-8014-2c232ddb82ec,"Imran Qureshi, DO",https://maps.google.com/?cid=11194524184802872596&g_mp=CiVnb29nbGUubWFwcy5wbGFjZXMudjEuUGxhY2VzLkdldFBsYWNlEAIYASAA,2026-03-04 19:50:57,completed,pain management katy tx,29.70941038335707,-95.86841265270799,10,Yes
95b84a65-34a0-4910-8014-2c232ddb82ec,"Imran Qureshi, DO",https://maps.google.com/?cid=11194524184802872596&g_mp=CiVnb29nbGUubWFwcy5wbGFjZXMudjEuUGxhY2VzLkdldFBsYWNlEAIYASAA,2026-03-04 19:50:57,completed,pain management katy tx,29.74236791320623,-95.87599640020086,11,Yes
95b84a65-34a0-4910-8014-2c232ddb82ec,"Imran Qureshi, DO",https://maps.google.com/?cid=11194524184802872596&g_mp=CiVnb29nbGUubWFwcy5wbGFjZXMudjEuUGxhY2VzLkdldFBsYWNlEAIYASAA,2026-03-04 19:50:57,completed,pain management katy tx,29.775305761225972,-95.86879051996803,12,Yes
95b84a65-34a0-4910-8014-2c232ddb82ec,"Imran Qureshi, DO",https://maps.google.com/?cid=11194524184802872596&g_mp=CiVnb29nbGUubWFwcy5wbGFjZXMudjEuUGxhY2VzLkdldFBsYWNlEAIYASAA,2026-03-04 19:50:57,completed,pain management katy tx,29.80556171130214,-95.84552198485967,7,Yes
95b84a65-34a0-4910-8014-2c232ddb82ec,"Imran Qureshi, DO",https://maps.google.com/?cid=11194524184802872596&g_mp=CiVnb29nbGUubWFwcy5wbGFjZXMudjEuUGxhY2VzLkdldFBsYWNlEAIYASAA,2026-03-04 19:50:57,completed,pain management katy tx,29.82362622210367,-95.81418011538403,11,Yes
95b84a65-34a0-4910-8014-2c232ddb82ec,"Imran Qureshi, DO",https://maps.google.com/?cid=11194524184802872596&g_mp=CiVnb29nbGUubWFwcy5wbGFjZXMudjEuUGxhY2VzLkdldFBsYWNlEAIYASAA,2026-03-04 19:50:57,completed,back pain doctor katy tx,29.742762999999997,-95.7749334,3,Yes
95b84a65-34a0-4910-8014-2c232ddb82ec,"Imran Qureshi, DO",https://maps.google.com/?cid=11194524184802872596&g_mp=CiVnb29nbGUubWFwcy5wbGFjZXMudjEuUGxhY2VzLkdldFBsYWNlEAIYASAA,2026-03-04 19:50:57,completed,back pain doctor katy tx,29.786637615708845,-95.77514489605376,99,No
95b84a65-34a0-4910-8014-2c232ddb82ec,"Imran Qureshi, DO",https://maps.google.com/?cid=11194524184802872596&g_mp=CiVnb29nbGUubWFwcy5wbGFjZXMudjEuUGxhY2VzLkdldFBsYWNlEAIYASAA,2026-03-04 19:50:57,completed,back pain doctor katy tx,29.77413892304286,-95.73961147611455,99,No
95b84a65-34a0-4910-8014-2c232ddb82ec,"Imran Qureshi, DO",https://maps.google.com/?cid=11194524184802872596&g_mp=CiVnb29nbGUubWFwcy5wbGFjZXMudjEuUGxhY2VzLkdldFBsYWNlEAIYASAA,2026-03-04 19:50:57,completed,back pain doctor katy tx,29.742737297328205,-95.72440139638215,9,Yes
95b84a65-34a0-4910-8014-2c232ddb82ec,"Imran Qureshi, DO",https://maps.google.com/?cid=11194524184802872596&g_mp=CiVnb29nbGUubWFwcy5wbGFjZXMudjEuUGxhY2VzLkdldFBsYWNlEAIYASAA,2026-03-04 19:50:57,completed,back pain doctor katy tx,29.711903356152348,-95.73901322229634,16,Yes
95b84a65-34a0-4910-8014-2c232ddb82ec,"Imran Qureshi, DO",https://maps.google.com/?cid=11194524184802872596&g_mp=CiVnb29nbGUubWFwcy5wbGFjZXMudjEuUGxhY2VzLkdldFBsYWNlEAIYASAA,2026-03-04 19:50:57,completed,back pain doctor katy tx,29.69889240960163,-95.77564981025215,19,Yes
95b84a65-34a0-4910-8014-2c232ddb82ec,"Imran Qureshi, DO",https://maps.google.com/?cid=11194524184802872596&g_mp=CiVnb29nbGUubWFwcy5wbGFjZXMudjEuUGxhY2VzLkdldFBsYWNlEAIYASAA,2026-03-04 19:50:57,completed,back pain doctor katy tx,29.71203469364051,-95.81100262181853,18,Yes
95b84a65-34a0-4910-8014-2c232ddb82ec,"Imran Qureshi, DO",https://maps.google.com/?cid=11194524184802872596&g_mp=CiVnb29nbGUubWFwcy5wbGFjZXMudjEuUGxhY2VzLkdldFBsYWNlEAIYASAA,2026-03-04 19:50:57,completed,back pain doctor katy tx,29.743175653360492,-95.82546317726194,16,Yes
95b84a65-34a0-4910-8014-2c232ddb82ec,"Imran Qureshi, DO",https://maps.google.com/?cid=11194524184802872596&g_mp=CiVnb29nbGUubWFwcy5wbGFjZXMudjEuUGxhY2VzLkdldFBsYWNlEAIYASAA,2026-03-04 19:50:57,completed,back pain doctor katy tx,29.77374347582937,-95.81071534234296,99,No
95b84a65-34a0-4910-8014-2c232ddb82ec,"Imran Qureshi, DO",https://maps.google.com/?cid=11194524184802872596&g_mp=CiVnb29nbGUubWFwcy5wbGFjZXMudjEuUGxhY2VzLkdldFBsYWNlEAIYASAA,2026-03-04 19:50:57,completed,back pain doctor katy tx,29.830506024575563,-95.77620767954637,99,No
95b84a65-34a0-4910-8014-2c232ddb82ec,"Imran Qureshi, DO",https://maps.google.com/?cid=11194524184802872596&g_mp=CiVnb29nbGUubWFwcy5wbGFjZXMudjEuUGxhY2VzLkdldFBsYWNlEAIYASAA,2026-03-04 19:50:57,completed,back pain doctor katy tx,29.82354273976582,-95.73545930017379,99,No
95b84a65-34a0-4910-8014-2c232ddb82ec,"Imran Qureshi, DO",https://maps.google.com/?cid=11194524184802872596&g_mp=CiVnb29nbGUubWFwcy5wbGFjZXMudjEuUGxhY2VzLkdldFBsYWNlEAIYASAA,2026-03-04 19:50:57,completed,back pain doctor katy tx,29.804840749719528,-95.70350390806647,99,No
95b84a65-34a0-4910-8014-2c232ddb82ec,"Imran Qureshi, DO",https://maps.google.com/?cid=11194524184802872596&g_mp=CiVnb29nbGUubWFwcy5wbGFjZXMudjEuUGxhY2VzLkdldFBsYWNlEAIYASAA,2026-03-04 19:50:57,completed,back pain doctor katy tx,29.77558156593615,-95.68120375334412,99,No
95b84a65-34a0-4910-8014-2c232ddb82ec,"Imran Qureshi, DO",https://maps.google.com/?cid=11194524184802872596&g_mp=CiVnb29nbGUubWFwcy5wbGFjZXMudjEuUGxhY2VzLkdldFBsYWNlEAIYASAA,2026-03-04 19:50:57,completed,back pain doctor katy tx,29.743473631765205,-95.67387268954629,99,No
95b84a65-34a0-4910-8014-2c232ddb82ec,"Imran Qureshi, DO",https://maps.google.com/?cid=11194524184802872596&g_mp=CiVnb29nbGUubWFwcy5wbGFjZXMudjEuUGxhY2VzLkdldFBsYWNlEAIYASAA,2026-03-04 19:50:57,completed,back pain doctor katy tx,29.709376354311434,-95.68147026199502,99,No
95b84a65-34a0-4910-8014-2c232ddb82ec,"Imran Qureshi, DO",https://maps.google.com/?cid=11194524184802872596&g_mp=CiVnb29nbGUubWFwcy5wbGFjZXMudjEuUGxhY2VzLkdldFBsYWNlEAIYASAA,2026-03-04 19:50:57,completed,back pain doctor katy tx,29.681214717412765,-95.70289870050019,99,No
95b84a65-34a0-4910-8014-2c232ddb82ec,"Imran Qureshi, DO",https://maps.google.com/?cid=11194524184802872596&g_mp=CiVnb29nbGUubWFwcy5wbGFjZXMudjEuUGxhY2VzLkdldFBsYWNlEAIYASAA,2026-03-04 19:50:57,completed,back pain doctor katy tx,29.661897636202355,-95.7356925384743,99,No
95b84a65-34a0-4910-8014-2c232ddb82ec,"Imran Qureshi, DO",https://maps.google.com/?cid=11194524184802872596&g_mp=CiVnb29nbGUubWFwcy5wbGFjZXMudjEuUGxhY2VzLkdldFBsYWNlEAIYASAA,2026-03-04 19:50:57,completed,back pain doctor katy tx,29.65501300109988,-95.77494940153306,99,No
95b84a65-34a0-4910-8014-2c232ddb82ec,"Imran Qureshi, DO",https://maps.google.com/?cid=11194524184802872596&g_mp=CiVnb29nbGUubWFwcy5wbGFjZXMudjEuUGxhY2VzLkdldFBsYWNlEAIYASAA,2026-03-04 19:50:57,completed,back pain doctor katy tx,29.662198477327006,-95.81498667848135,99,No
95b84a65-34a0-4910-8014-2c232ddb82ec,"Imran Qureshi, DO",https://maps.google.com/?cid=11194524184802872596&g_mp=CiVnb29nbGUubWFwcy5wbGFjZXMudjEuUGxhY2VzLkdldFBsYWNlEAIYASAA,2026-03-04 19:50:57,completed,back pain doctor katy tx,29.680915915100147,-95.84662781906809,99,No
95b84a65-34a0-4910-8014-2c232ddb82ec,"Imran Qureshi, DO",https://maps.google.com/?cid=11194524184802872596&g_mp=CiVnb29nbGUubWFwcy5wbGFjZXMudjEuUGxhY2VzLkdldFBsYWNlEAIYASAA,2026-03-04 19:50:57,completed,back pain doctor katy tx,29.70941038335707,-95.86841265270799,99,No
95b84a65-34a0-4910-8014-2c232ddb82ec,"Imran Qureshi, DO",https://maps.google.com/?cid=11194524184802872596&g_mp=CiVnb29nbGUubWFwcy5wbGFjZXMudjEuUGxhY2VzLkdldFBsYWNlEAIYASAA,2026-03-04 19:50:57,completed,back pain doctor katy tx,29.74236791320623,-95.87599640020086,99,No
95b84a65-34a0-4910-8014-2c232ddb82ec,"Imran Qureshi, DO",https://maps.google.com/?cid=11194524184802872596&g_mp=CiVnb29nbGUubWFwcy5wbGFjZXMudjEuUGxhY2VzLkdldFBsYWNlEAIYASAA,2026-03-04 19:50:57,completed,back pain doctor katy tx,29.775305761225972,-95.86879051996803,99,No
95b84a65-34a0-4910-8014-2c232ddb82ec,"Imran Qureshi, DO",https://maps.google.com/?cid=11194524184802872596&g_mp=CiVnb29nbGUubWFwcy5wbGFjZXMudjEuUGxhY2VzLkdldFBsYWNlEAIYASAA,2026-03-04 19:50:57,completed,back pain doctor katy tx,29.80556171130214,-95.84552198485967,99,No
95b84a65-34a0-4910-8014-2c232ddb82ec,"Imran Qureshi, DO",https://maps.google.com/?cid=11194524184802872596&g_mp=CiVnb29nbGUubWFwcy5wbGFjZXMudjEuUGxhY2VzLkdldFBsYWNlEAIYASAA,2026-03-04 19:50:57,completed,back pain doctor katy tx,29.82362622210367,-95.81418011538403,99,No
95b84a65-34a0-4910-8014-2c232ddb82ec,"Imran Qureshi, DO",https://maps.google.com/?cid=11194524184802872596&g_mp=CiVnb29nbGUubWFwcy5wbGFjZXMudjEuUGxhY2VzLkdldFBsYWNlEAIYASAA,2026-03-04 19:50:57,completed,sciatica treatment katy,29.742762999999997,-95.7749334,13,Yes
95b84a65-34a0-4910-8014-2c232ddb82ec,"Imran Qureshi, DO",https://maps.google.com/?cid=11194524184802872596&g_mp=CiVnb29nbGUubWFwcy5wbGFjZXMudjEuUGxhY2VzLkdldFBsYWNlEAIYASAA,2026-03-04 19:50:57,completed,sciatica treatment katy,29.786637615708845,-95.77514489605376,99,No
95b84a65-34a0-4910-8014-2c232ddb82ec,"Imran Qureshi, DO",https://maps.google.com/?cid=11194524184802872596&g_mp=CiVnb29nbGUubWFwcy5wbGFjZXMudjEuUGxhY2VzLkdldFBsYWNlEAIYASAA,2026-03-04 19:50:57,completed,sciatica treatment katy,29.77413892304286,-95.73961147611455,99,No
95b84a65-34a0-4910-8014-2c232ddb82ec,"Imran Qureshi, DO",https://maps.google.com/?cid=11194524184802872596&g_mp=CiVnb29nbGUubWFwcy5wbGFjZXMudjEuUGxhY2VzLkdldFBsYWNlEAIYASAA,2026-03-04 19:50:57,completed,sciatica treatment katy,29.742737297328205,-95.72440139638215,99,No
95b84a65-34a0-4910-8014-2c232ddb82ec,"Imran Qureshi, DO",https://maps.google.com/?cid=11194524184802872596&g_mp=CiVnb29nbGUubWFwcy5wbGFjZXMudjEuUGxhY2VzLkdldFBsYWNlEAIYASAA,2026-03-04 19:50:57,completed,sciatica treatment katy,29.711903356152348,-95.73901322229634,99,No
95b84a65-34a0-4910-8014-2c232ddb82ec,"Imran Qureshi, DO",https://maps.google.com/?cid=11194524184802872596&g_mp=CiVnb29nbGUubWFwcy5wbGFjZXMudjEuUGxhY2VzLkdldFBsYWNlEAIYASAA,2026-03-04 19:50:57,completed,sciatica treatment katy,29.69889240960163,-95.77564981025215,99,No
95b84a65-34a0-4910-8014-2c232ddb82ec,"Imran Qureshi, DO",https://maps.google.com/?cid=11194524184802872596&g_mp=CiVnb29nbGUubWFwcy5wbGFjZXMudjEuUGxhY2VzLkdldFBsYWNlEAIYASAA,2026-03-04 19:50:57,completed,sciatica treatment katy,29.71203469364051,-95.81100262181853,99,No
95b84a65-34a0-4910-8014-2c232ddb82ec,"Imran Qureshi, DO",https://maps.google.com/?cid=11194524184802872596&g_mp=CiVnb29nbGUubWFwcy5wbGFjZXMudjEuUGxhY2VzLkdldFBsYWNlEAIYASAA,2026-03-04 19:50:57,completed,sciatica treatment katy,29.743175653360492,-95.82546317726194,99,No
95b84a65-34a0-4910-8014-2c232ddb82ec,"Imran Qureshi, DO",https://maps.google.com/?cid=11194524184802872596&g_mp=CiVnb29nbGUubWFwcy5wbGFjZXMudjEuUGxhY2VzLkdldFBsYWNlEAIYASAA,2026-03-04 19:50:57,completed,sciatica treatment katy,29.77374347582937,-95.81071534234296,99,No
95b84a65-34a0-4910-8014-2c232ddb82ec,"Imran Qureshi, DO",https://maps.google.com/?cid=11194524184802872596&g_mp=CiVnb29nbGUubWFwcy5wbGFjZXMudjEuUGxhY2VzLkdldFBsYWNlEAIYASAA,2026-03-04 19:50:57,completed,sciatica treatment katy,29.830506024575563,-95.77620767954637,99,No
95b84a65-34a0-4910-8014-2c232ddb82ec,"Imran Qureshi, DO",https://maps.google.com/?cid=11194524184802872596&g_mp=CiVnb29nbGUubWFwcy5wbGFjZXMudjEuUGxhY2VzLkdldFBsYWNlEAIYASAA,2026-03-04 19:50:57,completed,sciatica treatment katy,29.82354273976582,-95.73545930017379,99,No
95b84a65-34a0-4910-8014-2c232ddb82ec,"Imran Qureshi, DO",https://maps.google.com/?cid=11194524184802872596&g_mp=CiVnb29nbGUubWFwcy5wbGFjZXMudjEuUGxhY2VzLkdldFBsYWNlEAIYASAA,2026-03-04 19:50:57,completed,sciatica treatment katy,29.804840749719528,-95.70350390806647,99,No
95b84a65-34a0-4910-8014-2c232ddb82ec,"Imran Qureshi, DO",https://maps.google.com/?cid=11194524184802872596&g_mp=CiVnb29nbGUubWFwcy5wbGFjZXMudjEuUGxhY2VzLkdldFBsYWNlEAIYASAA,2026-03-04 19:50:57,completed,sciatica treatment katy,29.77558156593615,-95.68120375334412,99,No
95b84a65-34a0-4910-8014-2c232ddb82ec,"Imran Qureshi, DO",https://maps.google.com/?cid=11194524184802872596&g_mp=CiVnb29nbGUubWFwcy5wbGFjZXMudjEuUGxhY2VzLkdldFBsYWNlEAIYASAA,2026-03-04 19:50:57,completed,sciatica treatment katy,29.743473631765205,-95.67387268954629,99,No
95b84a65-34a0-4910-8014-2c232ddb82ec,"Imran Qureshi, DO",https://maps.google.com/?cid=11194524184802872596&g_mp=CiVnb29nbGUubWFwcy5wbGFjZXMudjEuUGxhY2VzLkdldFBsYWNlEAIYASAA,2026-03-04 19:50:57,completed,sciatica treatment katy,29.709376354311434,-95.68147026199502,99,No
95b84a65-34a0-4910-8014-2c232ddb82ec,"Imran Qureshi, DO",https://maps.google.com/?cid=11194524184802872596&g_mp=CiVnb29nbGUubWFwcy5wbGFjZXMudjEuUGxhY2VzLkdldFBsYWNlEAIYASAA,2026-03-04 19:50:57,completed,sciatica treatment katy,29.681214717412765,-95.70289870050019,99,No
95b84a65-34a0-4910-8014-2c232ddb82ec,"Imran Qureshi, DO",https://maps.google.com/?cid=11194524184802872596&g_mp=CiVnb29nbGUubWFwcy5wbGFjZXMudjEuUGxhY2VzLkdldFBsYWNlEAIYASAA,2026-03-04 19:50:57,completed,sciatica treatment katy,29.661897636202355,-95.7356925384743,99,No
95b84a65-34a0-4910-8014-2c232ddb82ec,"Imran Qureshi, DO",https://maps.google.com/?cid=11194524184802872596&g_mp=CiVnb29nbGUubWFwcy5wbGFjZXMudjEuUGxhY2VzLkdldFBsYWNlEAIYASAA,2026-03-04 19:50:57,completed,sciatica treatment katy,29.65501300109988,-95.77494940153306,99,No
95b84a65-34a0-4910-8014-2c232ddb82ec,"Imran Qureshi, DO",https://maps.google.com/?cid=11194524184802872596&g_mp=CiVnb29nbGUubWFwcy5wbGFjZXMudjEuUGxhY2VzLkdldFBsYWNlEAIYASAA,2026-03-04 19:50:57,completed,sciatica treatment katy,29.662198477327006,-95.81498667848135,99,No
95b84a65-34a0-4910-8014-2c232ddb82ec,"Imran Qureshi, DO",https://maps.google.com/?cid=11194524184802872596&g_mp=CiVnb29nbGUubWFwcy5wbGFjZXMudjEuUGxhY2VzLkdldFBsYWNlEAIYASAA,2026-03-04 19:50:57,completed,sciatica treatment katy,29.680915915100147,-95.84662781906809,99,No
95b84a65-34a0-4910-8014-2c232ddb82ec,"Imran Qureshi, DO",https://maps.google.com/?cid=11194524184802872596&g_mp=CiVnb29nbGUubWFwcy5wbGFjZXMudjEuUGxhY2VzLkdldFBsYWNlEAIYASAA,2026-03-04 19:50:57,completed,sciatica treatment katy,29.70941038335707,-95.86841265270799,99,No
95b84a65-34a0-4910-8014-2c232ddb82ec,"Imran Qureshi, DO",https://maps.google.com/?cid=11194524184802872596&g_mp=CiVnb29nbGUubWFwcy5wbGFjZXMudjEuUGxhY2VzLkdldFBsYWNlEAIYASAA,2026-03-04 19:50:57,completed,sciatica treatment katy,29.74236791320623,-95.87599640020086,99,No
95b84a65-34a0-4910-8014-2c232ddb82ec,"Imran Qureshi, DO",https://maps.google.com/?cid=11194524184802872596&g_mp=CiVnb29nbGUubWFwcy5wbGFjZXMudjEuUGxhY2VzLkdldFBsYWNlEAIYASAA,2026-03-04 19:50:57,completed,sciatica treatment katy,29.775305761225972,-95.86879051996803,99,No
95b84a65-34a0-4910-8014-2c232ddb82ec,"Imran Qureshi, DO",https://maps.google.com/?cid=11194524184802872596&g_mp=CiVnb29nbGUubWFwcy5wbGFjZXMudjEuUGxhY2VzLkdldFBsYWNlEAIYASAA,2026-03-04 19:50:57,completed,sciatica treatment katy,29.80556171130214,-95.84552198485967,99,No
95b84a65-34a0-4910-8014-2c232ddb82ec,"Imran Qureshi, DO",https://maps.google.com/?cid=11194524184802872596&g_mp=CiVnb29nbGUubWFwcy5wbGFjZXMudjEuUGxhY2VzLkdldFBsYWNlEAIYASAA,2026-03-04 19:50:57,completed,sciatica treatment katy,29.82362622210367,-95.81418011538403,99,No
95b84a65-34a0-4910-8014-2c232ddb82ec,"Imran Qureshi, DO",https://maps.google.com/?cid=11194524184802872596&g_mp=CiVnb29nbGUubWFwcy5wbGFjZXMudjEuUGxhY2VzLkdldFBsYWNlEAIYASAA,2026-03-04 19:50:57,completed,neck pain doctor katy,29.742762999999997,-95.7749334,3,Yes
95b84a65-34a0-4910-8014-2c232ddb82ec,"Imran Qureshi, DO",https://maps.google.com/?cid=11194524184802872596&g_mp=CiVnb29nbGUubWFwcy5wbGFjZXMudjEuUGxhY2VzLkdldFBsYWNlEAIYASAA,2026-03-04 19:50:57,completed,neck pain doctor katy,29.786637615708845,-95.77514489605376,12,Yes
95b84a65-34a0-4910-8014-2c232ddb82ec,"Imran Qureshi, DO",https://maps.google.com/?cid=11194524184802872596&g_mp=CiVnb29nbGUubWFwcy5wbGFjZXMudjEuUGxhY2VzLkdldFBsYWNlEAIYASAA,2026-03-04 19:50:57,completed,neck pain doctor katy,29.77413892304286,-95.73961147611455,7,Yes
95b84a65-34a0-4910-8014-2c232ddb82ec,"Imran Qureshi, DO",https://maps.google.com/?cid=11194524184802872596&g_mp=CiVnb29nbGUubWFwcy5wbGFjZXMudjEuUGxhY2VzLkdldFBsYWNlEAIYASAA,2026-03-04 19:50:57,completed,neck pain doctor katy,29.742737297328205,-95.72440139638215,10,Yes
95b84a65-34a0-4910-8014-2c232ddb82ec,"Imran Qureshi, DO",https://maps.google.com/?cid=11194524184802872596&g_mp=CiVnb29nbGUubWFwcy5wbGFjZXMudjEuUGxhY2VzLkdldFBsYWNlEAIYASAA,2026-03-04 19:50:57,completed,neck pain doctor katy,29.711903356152348,-95.73901322229634,9,Yes
95b84a65-34a0-4910-8014-2c232ddb82ec,"Imran Qureshi, DO",https://maps.google.com/?cid=11194524184802872596&g_mp=CiVnb29nbGUubWFwcy5wbGFjZXMudjEuUGxhY2VzLkdldFBsYWNlEAIYASAA,2026-03-04 19:50:57,completed,neck pain doctor katy,29.69889240960163,-95.77564981025215,10,Yes
95b84a65-34a0-4910-8014-2c232ddb82ec,"Imran Qureshi, DO",https://maps.google.com/?cid=11194524184802872596&g_mp=CiVnb29nbGUubWFwcy5wbGFjZXMudjEuUGxhY2VzLkdldFBsYWNlEAIYASAA,2026-03-04 19:50:57,completed,neck pain doctor katy,29.71203469364051,-95.81100262181853,10,Yes
95b84a65-34a0-4910-8014-2c232ddb82ec,"Imran Qureshi, DO",https://maps.google.com/?cid=11194524184802872596&g_mp=CiVnb29nbGUubWFwcy5wbGFjZXMudjEuUGxhY2VzLkdldFBsYWNlEAIYASAA,2026-03-04 19:50:57,completed,neck pain doctor katy,29.743175653360492,-95.82546317726194,11,Yes
95b84a65-34a0-4910-8014-2c232ddb82ec,"Imran Qureshi, DO",https://maps.google.com/?cid=11194524184802872596&g_mp=CiVnb29nbGUubWFwcy5wbGFjZXMudjEuUGxhY2VzLkdldFBsYWNlEAIYASAA,2026-03-04 19:50:57,completed,neck pain doctor katy,29.77374347582937,-95.81071534234296,6,Yes
95b84a65-34a0-4910-8014-2c232ddb82ec,"Imran Qureshi, DO",https://maps.google.com/?cid=11194524184802872596&g_mp=CiVnb29nbGUubWFwcy5wbGFjZXMudjEuUGxhY2VzLkdldFBsYWNlEAIYASAA,2026-03-04 19:50:57,completed,neck pain doctor katy,29.830506024575563,-95.77620767954637,15,Yes
95b84a65-34a0-4910-8014-2c232ddb82ec,"Imran Qureshi, DO",https://maps.google.com/?cid=11194524184802872596&g_mp=CiVnb29nbGUubWFwcy5wbGFjZXMudjEuUGxhY2VzLkdldFBsYWNlEAIYASAA,2026-03-04 19:50:57,completed,neck pain doctor katy,29.82354273976582,-95.73545930017379,99,No
95b84a65-34a0-4910-8014-2c232ddb82ec,"Imran Qureshi, DO",https://maps.google.com/?cid=11194524184802872596&g_mp=CiVnb29nbGUubWFwcy5wbGFjZXMudjEuUGxhY2VzLkdldFBsYWNlEAIYASAA,2026-03-04 19:50:57,completed,neck pain doctor katy,29.804840749719528,-95.70350390806647,99,No
95b84a65-34a0-4910-8014-2c232ddb82ec,"Imran Qureshi, DO",https://maps.google.com/?cid=11194524184802872596&g_mp=CiVnb29nbGUubWFwcy5wbGFjZXMudjEuUGxhY2VzLkdldFBsYWNlEAIYASAA,2026-03-04 19:50:57,completed,neck pain doctor katy,29.77558156593615,-95.68120375334412,99,No
95b84a65-34a0-4910-8014-2c232ddb82ec,"Imran Qureshi, DO",https://maps.google.com/?cid=11194524184802872596&g_mp=CiVnb29nbGUubWFwcy5wbGFjZXMudjEuUGxhY2VzLkdldFBsYWNlEAIYASAA,2026-03-04 19:50:57,completed,neck pain doctor katy,29.743473631765205,-95.67387268954629,99,No
95b84a65-34a0-4910-8014-2c232ddb82ec,"Imran Qureshi, DO",https://maps.google.com/?cid=11194524184802872596&g_mp=CiVnb29nbGUubWFwcy5wbGFjZXMudjEuUGxhY2VzLkdldFBsYWNlEAIYASAA,2026-03-04 19:50:57,completed,neck pain doctor katy,29.709376354311434,-95.68147026199502,11,Yes
95b84a65-34a0-4910-8014-2c232ddb82ec,"Imran Qureshi, DO",https://maps.google.com/?cid=11194524184802872596&g_mp=CiVnb29nbGUubWFwcy5wbGFjZXMudjEuUGxhY2VzLkdldFBsYWNlEAIYASAA,2026-03-04 19:50:57,completed,neck pain doctor katy,29.681214717412765,-95.70289870050019,9,Yes
95b84a65-34a0-4910-8014-2c232ddb82ec,"Imran Qureshi, DO",https://maps.google.com/?cid=11194524184802872596&g_mp=CiVnb29nbGUubWFwcy5wbGFjZXMudjEuUGxhY2VzLkdldFBsYWNlEAIYASAA,2026-03-04 19:50:57,completed,neck pain doctor katy,29.661897636202355,-95.7356925384743,11,Yes
95b84a65-34a0-4910-8014-2c232ddb82ec,"Imran Qureshi, DO",https://maps.google.com/?cid=11194524184802872596&g_mp=CiVnb29nbGUubWFwcy5wbGFjZXMudjEuUGxhY2VzLkdldFBsYWNlEAIYASAA,2026-03-04 19:50:57,completed,neck pain doctor katy,29.65501300109988,-95.77494940153306,10,Yes
95b84a65-34a0-4910-8014-2c232ddb82ec,"Imran Qureshi, DO",https://maps.google.com/?cid=11194524184802872596&g_mp=CiVnb29nbGUubWFwcy5wbGFjZXMudjEuUGxhY2VzLkdldFBsYWNlEAIYASAA,2026-03-04 19:50:57,completed,neck pain doctor katy,29.662198477327006,-95.81498667848135,10,Yes
95b84a65-34a0-4910-8014-2c232ddb82ec,"Imran Qureshi, DO",https://maps.google.com/?cid=11194524184802872596&g_mp=CiVnb29nbGUubWFwcy5wbGFjZXMudjEuUGxhY2VzLkdldFBsYWNlEAIYASAA,2026-03-04 19:50:57,completed,neck pain doctor katy,29.680915915100147,-95.84662781906809,5,Yes
95b84a65-34a0-4910-8014-2c232ddb82ec,"Imran Qureshi, DO",https://maps.google.com/?cid=11194524184802872596&g_mp=CiVnb29nbGUubWFwcy5wbGFjZXMudjEuUGxhY2VzLkdldFBsYWNlEAIYASAA,2026-03-04 19:50:57,completed,neck pain doctor katy,29.70941038335707,-95.86841265270799,14,Yes
95b84a65-34a0-4910-8014-2c232ddb82ec,"Imran Qureshi, DO",https://maps.google.com/?cid=11194524184802872596&g_mp=CiVnb29nbGUubWFwcy5wbGFjZXMudjEuUGxhY2VzLkdldFBsYWNlEAIYASAA,2026-03-04 19:50:57,completed,neck pain doctor katy,29.74236791320623,-95.87599640020086,14,Yes
95b84a65-34a0-4910-8014-2c232ddb82ec,"Imran Qureshi, DO",https://maps.google.com/?cid=11194524184802872596&g_mp=CiVnb29nbGUubWFwcy5wbGFjZXMudjEuUGxhY2VzLkdldFBsYWNlEAIYASAA,2026-03-04 19:50:57,completed,neck pain doctor katy,29.775305761225972,-95.86879051996803,13,Yes
95b84a65-34a0-4910-8014-2c232ddb82ec,"Imran Qureshi, DO",https://maps.google.com/?cid=11194524184802872596&g_mp=CiVnb29nbGUubWFwcy5wbGFjZXMudjEuUGxhY2VzLkdldFBsYWNlEAIYASAA,2026-03-04 19:50:57,completed,neck pain doctor katy,29.80556171130214,-95.84552198485967,13,Yes
95b84a65-34a0-4910-8014-2c232ddb82ec,"Imran Qureshi, DO",https://maps.google.com/?cid=11194524184802872596&g_mp=CiVnb29nbGUubWFwcy5wbGFjZXMudjEuUGxhY2VzLkdldFBsYWNlEAIYASAA,2026-03-04 19:50:57,completed,neck pain doctor katy,29.82362622210367,-95.81418011538403,14,Yes
95b84a65-34a0-4910-8014-2c232ddb82ec,"Imran Qureshi, DO",https://maps.google.com/?cid=11194524184802872596&g_mp=CiVnb29nbGUubWFwcy5wbGFjZXMudjEuUGxhY2VzLkdldFBsYWNlEAIYASAA,2026-03-04 19:50:57,completed,back doctor near me,29.742762999999997,-95.7749334,4,Yes
95b84a65-34a0-4910-8014-2c232ddb82ec,"Imran Qureshi, DO",https://maps.google.com/?cid=11194524184802872596&g_mp=CiVnb29nbGUubWFwcy5wbGFjZXMudjEuUGxhY2VzLkdldFBsYWNlEAIYASAA,2026-03-04 19:50:57,completed,back doctor near me,29.786637615708845,-95.77514489605376,99,No
95b84a65-34a0-4910-8014-2c232ddb82ec,"Imran Qureshi, DO",https://maps.google.com/?cid=11194524184802872596&g_mp=CiVnb29nbGUubWFwcy5wbGFjZXMudjEuUGxhY2VzLkdldFBsYWNlEAIYASAA,2026-03-04 19:50:57,completed,back doctor near me,29.77413892304286,-95.73961147611455,99,No
95b84a65-34a0-4910-8014-2c232ddb82ec,"Imran Qureshi, DO",https://maps.google.com/?cid=11194524184802872596&g_mp=CiVnb29nbGUubWFwcy5wbGFjZXMudjEuUGxhY2VzLkdldFBsYWNlEAIYASAA,2026-03-04 19:50:57,completed,back doctor near me,29.742737297328205,-95.72440139638215,99,No
95b84a65-34a0-4910-8014-2c232ddb82ec,"Imran Qureshi, DO",https://maps.google.com/?cid=11194524184802872596&g_mp=CiVnb29nbGUubWFwcy5wbGFjZXMudjEuUGxhY2VzLkdldFBsYWNlEAIYASAA,2026-03-04 19:50:57,completed,back doctor near me,29.711903356152348,-95.73901322229634,99,No
95b84a65-34a0-4910-8014-2c232ddb82ec,"Imran Qureshi, DO",https://maps.google.com/?cid=11194524184802872596&g_mp=CiVnb29nbGUubWFwcy5wbGFjZXMudjEuUGxhY2VzLkdldFBsYWNlEAIYASAA,2026-03-04 19:50:57,completed,back doctor near me,29.69889240960163,-95.77564981025215,99,No
95b84a65-34a0-4910-8014-2c232ddb82ec,"Imran Qureshi, DO",https://maps.google.com/?cid=11194524184802872596&g_mp=CiVnb29nbGUubWFwcy5wbGFjZXMudjEuUGxhY2VzLkdldFBsYWNlEAIYASAA,2026-03-04 19:50:57,completed,back doctor near me,29.71203469364051,-95.81100262181853,99,No
95b84a65-34a0-4910-8014-2c232ddb82ec,"Imran Qureshi, DO",https://maps.google.com/?cid=11194524184802872596&g_mp=CiVnb29nbGUubWFwcy5wbGFjZXMudjEuUGxhY2VzLkdldFBsYWNlEAIYASAA,2026-03-04 19:50:57,completed,back doctor near me,29.743175653360492,-95.82546317726194,99,No
95b84a65-34a0-4910-8014-2c232ddb82ec,"Imran Qureshi, DO",https://maps.google.com/?cid=11194524184802872596&g_mp=CiVnb29nbGUubWFwcy5wbGFjZXMudjEuUGxhY2VzLkdldFBsYWNlEAIYASAA,2026-03-04 19:50:57,completed,back doctor near me,29.77374347582937,-95.81071534234296,99,No
95b84a65-34a0-4910-8014-2c232ddb82ec,"Imran Qureshi, DO",https://maps.google.com/?cid=11194524184802872596&g_mp=CiVnb29nbGUubWFwcy5wbGFjZXMudjEuUGxhY2VzLkdldFBsYWNlEAIYASAA,2026-03-04 19:50:57,completed,back doctor near me,29.830506024575563,-95.77620767954637,99,No
95b84a65-34a0-4910-8014-2c232ddb82ec,"Imran Qureshi, DO",https://maps.google.com/?cid=11194524184802872596&g_mp=CiVnb29nbGUubWFwcy5wbGFjZXMudjEuUGxhY2VzLkdldFBsYWNlEAIYASAA,2026-03-04 19:50:57,completed,back doctor near me,29.82354273976582,-95.73545930017379,99,No
95b84a65-34a0-4910-8014-2c232ddb82ec,"Imran Qureshi, DO",https://maps.google.com/?cid=11194524184802872596&g_mp=CiVnb29nbGUubWFwcy5wbGFjZXMudjEuUGxhY2VzLkdldFBsYWNlEAIYASAA,2026-03-04 19:50:57,completed,back doctor near me,29.804840749719528,-95.70350390806647,99,No
95b84a65-34a0-4910-8014-2c232ddb82ec,"Imran Qureshi, DO",https://maps.google.com/?cid=11194524184802872596&g_mp=CiVnb29nbGUubWFwcy5wbGFjZXMudjEuUGxhY2VzLkdldFBsYWNlEAIYASAA,2026-03-04 19:50:57,completed,back doctor near me,29.77558156593615,-95.68120375334412,99,No
95b84a65-34a0-4910-8014-2c232ddb82ec,"Imran Qureshi, DO",https://maps.google.com/?cid=11194524184802872596&g_mp=CiVnb29nbGUubWFwcy5wbGFjZXMudjEuUGxhY2VzLkdldFBsYWNlEAIYASAA,2026-03-04 19:50:57,completed,back doctor near me,29.743473631765205,-95.67387268954629,99,No
95b84a65-34a0-4910-8014-2c232ddb82ec,"Imran Qureshi, DO",https://maps.google.com/?cid=11194524184802872596&g_mp=CiVnb29nbGUubWFwcy5wbGFjZXMudjEuUGxhY2VzLkdldFBsYWNlEAIYASAA,2026-03-04 19:50:57,completed,back doctor near me,29.709376354311434,-95.68147026199502,99,No
95b84a65-34a0-4910-8014-2c232ddb82ec,"Imran Qureshi, DO",https://maps.google.com/?cid=11194524184802872596&g_mp=CiVnb29nbGUubWFwcy5wbGFjZXMudjEuUGxhY2VzLkdldFBsYWNlEAIYASAA,2026-03-04 19:50:57,completed,back doctor near me,29.681214717412765,-95.70289870050019,99,No
95b84a65-34a0-4910-8014-2c232ddb82ec,"Imran Qureshi, DO",https://maps.google.com/?cid=11194524184802872596&g_mp=CiVnb29nbGUubWFwcy5wbGFjZXMudjEuUGxhY2VzLkdldFBsYWNlEAIYASAA,2026-03-04 19:50:57,completed,back doctor near me,29.661897636202355,-95.7356925384743,99,No
95b84a65-34a0-4910-8014-2c232ddb82ec,"Imran Qureshi, DO",https://maps.google.com/?cid=11194524184802872596&g_mp=CiVnb29nbGUubWFwcy5wbGFjZXMudjEuUGxhY2VzLkdldFBsYWNlEAIYASAA,2026-03-04 19:50:57,completed,back doctor near me,29.65501300109988,-95.77494940153306,99,No
95b84a65-34a0-4910-8014-2c232ddb82ec,"Imran Qureshi, DO",https://maps.google.com/?cid=11194524184802872596&g_mp=CiVnb29nbGUubWFwcy5wbGFjZXMudjEuUGxhY2VzLkdldFBsYWNlEAIYASAA,2026-03-04 19:50:57,completed,back doctor near me,29.662198477327006,-95.81498667848135,99,No
95b84a65-34a0-4910-8014-2c232ddb82ec,"Imran Qureshi, DO",https://maps.google.com/?cid=11194524184802872596&g_mp=CiVnb29nbGUubWFwcy5wbGFjZXMudjEuUGxhY2VzLkdldFBsYWNlEAIYASAA,2026-03-04 19:50:57,completed,back doctor near me,29.680915915100147,-95.84662781906809,99,No
95b84a65-34a0-4910-8014-2c232ddb82ec,"Imran Qureshi, DO",https://maps.google.com/?cid=11194524184802872596&g_mp=CiVnb29nbGUubWFwcy5wbGFjZXMudjEuUGxhY2VzLkdldFBsYWNlEAIYASAA,2026-03-04 19:50:57,completed,back doctor near me,29.70941038335707,-95.86841265270799,99,No
95b84a65-34a0-4910-8014-2c232ddb82ec,"Imran Qureshi, DO",https://maps.google.com/?cid=11194524184802872596&g_mp=CiVnb29nbGUubWFwcy5wbGFjZXMudjEuUGxhY2VzLkdldFBsYWNlEAIYASAA,2026-03-04 19:50:57,completed,back doctor near me,29.74236791320623,-95.87599640020086,99,No
95b84a65-34a0-4910-8014-2c232ddb82ec,"Imran Qureshi, DO",https://maps.google.com/?cid=11194524184802872596&g_mp=CiVnb29nbGUubWFwcy5wbGFjZXMudjEuUGxhY2VzLkdldFBsYWNlEAIYASAA,2026-03-04 19:50:57,completed,back doctor near me,29.775305761225972,-95.86879051996803,99,No
95b84a65-34a0-4910-8014-2c232ddb82ec,"Imran Qureshi, DO",https://maps.google.com/?cid=11194524184802872596&g_mp=CiVnb29nbGUubWFwcy5wbGFjZXMudjEuUGxhY2VzLkdldFBsYWNlEAIYASAA,2026-03-04 19:50:57,completed,back doctor near me,29.80556171130214,-95.84552198485967,99,No
95b84a65-34a0-4910-8014-2c232ddb82ec,"Imran Qureshi, DO",https://maps.google.com/?cid=11194524184802872596&g_mp=CiVnb29nbGUubWFwcy5wbGFjZXMudjEuUGxhY2VzLkdldFBsYWNlEAIYASAA,2026-03-04 19:50:57,completed,back doctor near me,29.82362622210367,-95.81418011538403,99,No
